Unique Transaction Identifier,Price,Date of Transaction,Postal Code,Property Type,Old/New,Duration,PAON,SAON,Street,Locality,Town/City,District,County,PPD Category Type,Record Status
{09266DDB-8844-AF90-E063-4704A8C02087},500000,2023-04-05,HP27 9LA,S,N,F,48,,WELLINGTON AVENUE,,PRINCES RISBOROUGH,BUCKINGHAMSHIRE,BUCKINGHAMSHIRE,A,A
{09266DDB-8845-AF90-E063-4704A8C02087},550000,2023-08-25,HP10 0EE,S,N,F,9,,THE GREEN,WOOBURN GREEN,HIGH WYCOMBE,BUCKINGHAMSHIRE,BUCKINGHAMSHIRE,A,A
{09266DDB-8846-AF90-E063-4704A8C02087},400000,2023-08-24,HP11 1RY,S,N,F,60,,BEECH ROAD,,HIGH WYCOMBE,BUCKINGHAMSHIRE,BUCKINGHAMSHIRE,A,A
{09266DDB-8848-AF90-E063-4704A8C02087},585000,2023-07-26,HP13 5HX,D,N,F,65,,WESTOVER ROAD,,HIGH WYCOMBE,BUCKINGHAMSHIRE,BUCKINGHAMSHIRE,A,A
{09266DDB-8849-AF90-E063-4704A8C02087},610000,2023-10-06,SL7 1JY,S,N,F,47B,,NEWTOWN ROAD,,MARLOW,BUCKINGHAMSHIRE,BUCKINGHAMSHIRE,A,A
{09266DDB-884B-AF90-E063-4704A8C02087},2400000,2023-08-30,HP9 2NP,D,N,F,14A,,ASSHETON ROAD,,BEACONSFIELD,BUCKINGHAMSHIRE,BUCKINGHAMSHIRE,A,A
{09266DDB-884D-AF90-E063-4704A8C02087},520000,2023-09-01,LU7 9GG,D,N,F,163,,WINDSOR ROAD,PITSTONE,LEIGHTON BUZZARD,BUCKINGHAMSHIRE,BUCKINGHAMSHIRE,A,A
{09266DDB-884F-AF90-E063-4704A8C02087},2565000,2023-08-15,HP14 4AA,D,N,F,ROCKWORTH HOUSE,,CHINNOR ROAD,BLEDLOW RIDGE,HIGH WYCOMBE,BUCKINGHAMSHIRE,BUCKINGHAMSHIRE,A,A
{09266DDB-8850-AF90-E063-4704A8C02087},504000,2023-09-13,SL1 7BN,S,N,F,133,,LENT RISE ROAD,BURNHAM,SLOUGH,BUCKINGHAMSHIRE,BUCKINGHAMSHIRE,A,A
{09266DDB-8851-AF90-E063-4704A8C02087},750000,2023-08-24,SL0 0RQ,S,N,F,213,,THE PARKWAY,,IVER,BUCKINGHAMSHIRE,BUCKINGHAMSHIRE,A,A
{09266DDB-8854-AF90-E063-4704A8C02087},610000,2023-08-01,HP22 5EH,D,N,F,4,,THE BURNHAMS,ASTON CLINTON,AYLESBURY,BUCKINGHAMSHIRE,BUCKINGHAMSHIRE,A,A
{09266DDB-8856-AF90-E063-4704A8C02087},532500,2023-09-13,HP22 5XU,D,N,F,21,,PETERSFIELD,STOKE MANDEVILLE,AYLESBURY,BUCKINGHAMSHIRE,BUCKINGHAMSHIRE,A,A
{09266DDB-8857-AF90-E063-4704A8C02087},880000,2023-03-20,HP17 8RR,D,N,F,4,,BADGERS RISE,STONE,AYLESBURY,BUCKINGHAMSHIRE,BUCKINGHAMSHIRE,A,A
{09266DDB-885A-AF90-E063-4704A8C02087},530000,2023-09-18,HP17 8BL,D,N,F,9,,WYKEHAM WAY,HADDENHAM,AYLESBURY,BUCKINGHAMSHIRE,BUCKINGHAMSHIRE,A,A
{09266DDB-885B-AF90-E063-4704A8C02087},310000,2023-08-02,SL6 0QA,F,N,L,36,,HILLMEAD COURT,TAPLOW,MAIDENHEAD,BUCKINGHAMSHIRE,BUCKINGHAMSHIRE,A,A
{09266DDB-885C-AF90-E063-4704A8C02087},1600000,2023-08-11,WD3 6EU,D,N,F,MILL FARM,,,CHENIES,RICKMANSWORTH,BUCKINGHAMSHIRE,BUCKINGHAMSHIRE,A,A
{09266DDB-885D-AF90-E063-4704A8C02087},415000,2023-09-27,HP9 1AQ,F,N,L,"MAXWELL PLACE, 130 - 136",FLAT 8,MAXWELL ROAD,,BEACONSFIELD,BUCKINGHAMSHIRE,BUCKINGHAMSHIRE,A,A
{09266DDB-8861-AF90-E063-4704A8C02087},540000,2023-07-28,HP16 0BZ,T,N,F,3,,WRIGHTS YARD,,GREAT MISSENDEN,BUCKINGHAMSHIRE,BUCKINGHAMSHIRE,A,A
{09266DDB-8862-AF90-E063-4704A8C02087},310000,2023-09-05,NN13 5JN,D,N,F,THE BUNGALOW,,BRACKLEY ROAD,WESTBURY,BRACKLEY,BUCKINGHAMSHIRE,BUCKINGHAMSHIRE,A,A
{09266DDB-8865-AF90-E063-4704A8C02087},400000,2023-08-18,HP13 5XG,T,N,F,16,,COMMONSIDE,DOWNLEY,HIGH WYCOMBE,BUCKINGHAMSHIRE,BUCKINGHAMSHIRE,A,A
{09266DDB-8866-AF90-E063-4704A8C02087},975000,2023-08-31,MK18 1JD,D,N,F,THE ORCHARD,,BRACKLEY ROAD,,BUCKINGHAM,BUCKINGHAMSHIRE,BUCKINGHAMSHIRE,A,A
{09266DDB-8867-AF90-E063-4704A8C02087},122000,2023-03-31,HP11 2LW,F,N,L,22,FLAT 3,WEST WYCOMBE ROAD,,HIGH WYCOMBE,BUCKINGHAMSHIRE,BUCKINGHAMSHIRE,A,A
{09266DDB-8868-AF90-E063-4704A8C02087},243000,2023-09-11,HP10 0BZ,F,N,L,OAKLEY,1,NORTHCROFT,WOOBURN GREEN,HIGH WYCOMBE,BUCKINGHAMSHIRE,BUCKINGHAMSHIRE,A,A
{09266DDB-8869-AF90-E063-4704A8C02087},435000,2023-03-31,HP27 0JA,S,N,F,10,,EASTFIELD ROAD,,PRINCES RISBOROUGH,BUCKINGHAMSHIRE,BUCKINGHAMSHIRE,A,A
{09266DDB-886A-AF90-E063-4704A8C02087},220000,2023-10-12,HP13 5FE,F,N,L,TOM EVANS COURT,8,HAMILTON ROAD,,HIGH WYCOMBE,BUCKINGHAMSHIRE,BUCKINGHAMSHIRE,A,A
{09266DDB-886B-AF90-E063-4704A8C02087},1037500,2023-08-23,UB9 5LG,D,N,F,85,,DENHAM GREEN LANE,DENHAM,UXBRIDGE,BUCKINGHAMSHIRE,BUCKINGHAMSHIRE,A,A
{09266DDB-886C-AF90-E063-4704A8C02087},875000,2023-09-29,HP22 5ST,D,N,F,1,,THE GLEBE,WESTON TURVILLE,AYLESBURY,BUCKINGHAMSHIRE,BUCKINGHAMSHIRE,A,A
{09266DDB-886F-AF90-E063-4704A8C02087},925000,2023-07-28,HP15 6NT,D,N,F,95,,PRIMROSE HILL,WIDMER END,HIGH WYCOMBE,BUCKINGHAMSHIRE,BUCKINGHAMSHIRE,A,A
{09266DDB-8870-AF90-E063-4704A8C02087},386250,2023-09-15,MK18 2PG,D,N,F,THE MALT HOUSE,,NORTH END ROAD,STEEPLE CLAYDON,BUCKINGHAM,BUCKINGHAMSHIRE,BUCKINGHAMSHIRE,A,A
{09266DDB-8874-AF90-E063-4704A8C02087},687000,2023-06-14,SL7 3EL,D,N,F,5,,OAKTREE CLOSE,,MARLOW,BUCKINGHAMSHIRE,BUCKINGHAMSHIRE,A,A
{09266DDB-8875-AF90-E063-4704A8C02087},288000,2023-10-06,UB9 5HX,F,N,L,22,,GREEN TILES,DENHAM,UXBRIDGE,BUCKINGHAMSHIRE,BUCKINGHAMSHIRE,A,A
{09266DDB-8876-AF90-E063-4704A8C02087},910000,2023-09-29,SL7 1NH,S,N,F,8,,FISHERMANS RETREAT,,MARLOW,BUCKINGHAMSHIRE,BUCKINGHAMSHIRE,A,A
{09266DDB-8877-AF90-E063-4704A8C02087},530000,2023-08-11,HP14 4DD,T,N,F,FLINTS COTTAGE,,RADNAGE COMMON ROAD,RADNAGE,HIGH WYCOMBE,BUCKINGHAMSHIRE,BUCKINGHAMSHIRE,A,A
{09266DDB-8878-AF90-E063-4704A8C02087},1120000,2023-08-16,HP11 1RB,D,N,F,ASHLEA,,BASSETSBURY LANE,,HIGH WYCOMBE,BUCKINGHAMSHIRE,BUCKINGHAMSHIRE,A,A
{09266DDB-887B-AF90-E063-4704A8C02087},255000,2023-06-02,HP13 7EW,T,N,L,28,,HUNTERS HILL,,HIGH WYCOMBE,BUCKINGHAMSHIRE,BUCKINGHAMSHIRE,A,A
{09266DDB-887C-AF90-E063-4704A8C02087},600000,2023-10-26,SL9 8QB,F,N,L,"WILLOW COURT, 42",FLAT 4,OVAL WAY,,GERRARDS CROSS,BUCKINGHAMSHIRE,BUCKINGHAMSHIRE,A,A
{09266DDB-887D-AF90-E063-4704A8C02087},582000,2023-09-13,HP21 7PS,S,N,F,43,,TURNFURLONG,,AYLESBURY,BUCKINGHAMSHIRE,BUCKINGHAMSHIRE,A,A
{09266DDB-887E-AF90-E063-4704A8C02087},416000,2023-08-25,HP21 7TD,T,N,F,14,,CARLYLE AVENUE,,AYLESBURY,BUCKINGHAMSHIRE,BUCKINGHAMSHIRE,A,A
{09266DDB-887F-AF90-E063-4704A8C02087},350500,2023-09-15,HP5 1SN,T,N,F,72,,BOIS MOOR ROAD,,CHESHAM,BUCKINGHAMSHIRE,BUCKINGHAMSHIRE,A,A
{09266DDB-8880-AF90-E063-4704A8C02087},392000,2023-09-01,MK17 0SJ,D,N,F,17,,RIDGEWAY COTTAGES,SWANBOURNE,MILTON KEYNES,BUCKINGHAMSHIRE,BUCKINGHAMSHIRE,A,A
{09266DDB-8882-AF90-E063-4704A8C02087},2115000,2023-09-08,HP14 3NG,D,N,F,CHIPPS HILL HOUSE,,PIDDINGTON LANE,WHEELER END,HIGH WYCOMBE,BUCKINGHAMSHIRE,BUCKINGHAMSHIRE,A,A
{09266DDB-8883-AF90-E063-4704A8C02087},1025000,2023-04-03,SL9 0BY,D,N,F,19,,COPTHALL LANE,CHALFONT ST PETER,GERRARDS CROSS,BUCKINGHAMSHIRE,BUCKINGHAMSHIRE,A,A
{09266DDB-8885-AF90-E063-4704A8C02087},600000,2023-03-30,HP5 3AZ,S,N,F,2C,,PRIOR GROVE,,CHESHAM,BUCKINGHAMSHIRE,BUCKINGHAMSHIRE,A,A
{09266DDB-8888-AF90-E063-4704A8C02087},535000,2023-05-25,HP22 5BQ,F,N,F,2,,EATON CLOSE,WESTON TURVILLE,AYLESBURY,BUCKINGHAMSHIRE,BUCKINGHAMSHIRE,A,A
{09266DDB-8889-AF90-E063-4704A8C02087},1875000,2023-04-17,HP14 3PS,D,N,F,BAKERS BARN,,CADMORE END COMMON,CADMORE END,HIGH WYCOMBE,BUCKINGHAMSHIRE,BUCKINGHAMSHIRE,A,A
{09266DDB-888E-AF90-E063-4704A8C02087},495000,2023-06-06,UB9 5NT,F,N,L,REDGRAVE COURT,5,PATRONS WAY EAST,DENHAM GARDEN VILLAGE,UXBRIDGE,BUCKINGHAMSHIRE,BUCKINGHAMSHIRE,A,A
{09266DDB-888F-AF90-E063-4704A8C02087},725000,2023-10-04,UB9 5EG,D,N,F,25,,MIDDLE ROAD,DENHAM,UXBRIDGE,BUCKINGHAMSHIRE,BUCKINGHAMSHIRE,A,A
{09266DDB-8890-AF90-E063-4704A8C02087},680000,2023-08-21,HP10 9NR,D,N,F,23B,,OLD KILN ROAD,FLACKWELL HEATH,HIGH WYCOMBE,BUCKINGHAMSHIRE,BUCKINGHAMSHIRE,A,A
{09266DDB-8892-AF90-E063-4704A8C02087},390000,2023-09-01,HP13 6XW,S,N,F,142,,BOWERDEAN ROAD,,HIGH WYCOMBE,BUCKINGHAMSHIRE,BUCKINGHAMSHIRE,A,A
{09266DDB-8894-AF90-E063-4704A8C02087},570000,2023-08-25,HP4 1RG,D,N,F,38,,DUNSTABLE ROAD,DAGNALL,BERKHAMSTED,BUCKINGHAMSHIRE,BUCKINGHAMSHIRE,A,A
{09266DDB-8897-AF90-E063-4704A8C02087},230000,2023-08-07,HP21 7FX,F,N,L,21,,VIRIDIAN SQUARE,,AYLESBURY,BUCKINGHAMSHIRE,BUCKINGHAMSHIRE,A,A
{09266DDB-8898-AF90-E063-4704A8C02087},450000,2023-09-29,HP13 5UG,S,N,F,50,,GRAYS LANE,DOWNLEY,HIGH WYCOMBE,BUCKINGHAMSHIRE,BUCKINGHAMSHIRE,A,A
{09266DDB-889B-AF90-E063-4704A8C02087},580000,2023-10-17,HP14 4QW,D,N,F,3,,BAYLEY GARDENS,NAPHILL,HIGH WYCOMBE,BUCKINGHAMSHIRE,BUCKINGHAMSHIRE,A,A
{09266DDB-889E-AF90-E063-4704A8C02087},365150,2023-08-15,HP15 7TH,T,N,L,6,,ASHFIELD WAY,HAZLEMERE,HIGH WYCOMBE,BUCKINGHAMSHIRE,BUCKINGHAMSHIRE,A,A
{09266DDB-889F-AF90-E063-4704A8C02087},575000,2023-05-31,HP10 9LB,D,N,F,36,,CHURCHILL CLOSE,FLACKWELL HEATH,HIGH WYCOMBE,BUCKINGHAMSHIRE,BUCKINGHAMSHIRE,A,A
{09266DDB-88A1-AF90-E063-4704A8C02087},245000,2023-09-15,HP5 1HX,T,N,F,8,,BURY LANE,,CHESHAM,BUCKINGHAMSHIRE,BUCKINGHAMSHIRE,A,A
{09266DDB-88A2-AF90-E063-4704A8C02087},630000,2023-09-29,HP22 4EW,T,N,F,MOUNT TABOR STABLES,18,LEIGHTON ROAD,WINGRAVE,AYLESBURY,BUCKINGHAMSHIRE,BUCKINGHAMSHIRE,A,A
{09266DDB-88A5-AF90-E063-4704A8C02087},522500,2023-08-11,HP15 7AN,S,N,F,112A,,ROBERTS RIDE,HAZLEMERE,HIGH WYCOMBE,BUCKINGHAMSHIRE,BUCKINGHAMSHIRE,A,A
{09266DDB-88A6-AF90-E063-4704A8C02087},340000,2023-05-12,HP13 5TR,T,N,F,39,,SCHOOL CLOSE,DOWNLEY,HIGH WYCOMBE,BUCKINGHAMSHIRE,BUCKINGHAMSHIRE,A,A
{09266DDB-88A9-AF90-E063-4704A8C02087},580000,2023-01-06,UB9 5PB,F,N,L,THE SWALLOWS,4,PATRONS WAY WEST,DENHAM GARDEN VILLAGE,UXBRIDGE,BUCKINGHAMSHIRE,BUCKINGHAMSHIRE,A,A
{09266DDB-88AC-AF90-E063-4704A8C02087},310000,2023-04-21,HP11 1HT,F,N,L,FORDVIEW,1,BASSETSBURY LANE,,HIGH WYCOMBE,BUCKINGHAMSHIRE,BUCKINGHAMSHIRE,A,A
{09266DDB-88AD-AF90-E063-4704A8C02087},315000,2023-08-18,HP22 4JF,T,N,F,24,,OVING ROAD,WHITCHURCH,AYLESBURY,BUCKINGHAMSHIRE,BUCKINGHAMSHIRE,A,A
{09266DDB-88B1-AF90-E063-4704A8C02087},265000,2023-08-31,HP19 9SH,D,N,F,1,,CHANCELLORS ROAD,WEEDON,AYLESBURY,BUCKINGHAMSHIRE,BUCKINGHAMSHIRE,A,A
{09266DDB-88B4-AF90-E063-4704A8C02087},565000,2023-09-11,UB9 5PL,S,N,L,THE FINCHES,8,PATRONS WAY WEST,DENHAM GARDEN VILLAGE,UXBRIDGE,BUCKINGHAMSHIRE,BUCKINGHAMSHIRE,A,A
{09266DDB-88B7-AF90-E063-4704A8C02087},800000,2023-08-15,MK18 4JE,D,N,F,THE ORCHARD,,BUCKINGHAM ROAD,GAWCOTT,BUCKINGHAM,BUCKINGHAMSHIRE,BUCKINGHAMSHIRE,A,A
{09266DDB-88B8-AF90-E063-4704A8C02087},165000,2023-09-15,HP15 7BP,F,N,L,HUGHENDEN COURT,31,PENN ROAD,HAZLEMERE,HIGH WYCOMBE,BUCKINGHAMSHIRE,BUCKINGHAMSHIRE,A,A
{09266DDB-88B9-AF90-E063-4704A8C02087},890000,2023-05-15,HP9 1TB,D,N,F,53,,SEELEYS ROAD,,BEACONSFIELD,BUCKINGHAMSHIRE,BUCKINGHAMSHIRE,A,A
{09266DDB-88BA-AF90-E063-4704A8C02087},248000,2023-08-25,HP21 8FQ,F,N,L,STANTON HOUSE,FLAT 81,COXHILL WAY,,AYLESBURY,BUCKINGHAMSHIRE,BUCKINGHAMSHIRE,A,A
{09266DDB-88BC-AF90-E063-4704A8C02087},380000,2023-09-27,HP18 0PG,D,N,F,7,,WHITCHURCH CLOSE,WESTCOTT,AYLESBURY,BUCKINGHAMSHIRE,BUCKINGHAMSHIRE,A,A
{09266DDB-88C1-AF90-E063-4704A8C02087},467500,2023-10-06,HP17 8JX,S,N,F,10,,STANBRIDGE ROAD,HADDENHAM,AYLESBURY,BUCKINGHAMSHIRE,BUCKINGHAMSHIRE,A,A
{09266DDB-88C3-AF90-E063-4704A8C02087},665000,2023-08-24,HP6 6FH,S,N,F,57,,BRUDENELL CLOSE,,AMERSHAM,BUCKINGHAMSHIRE,BUCKINGHAMSHIRE,A,A
{09266DDB-88C4-AF90-E063-4704A8C02087},338000,2023-09-28,HP6 6FF,F,N,L,STUBWICK COURT,33,OLD SAW MILL PLACE,,AMERSHAM,BUCKINGHAMSHIRE,BUCKINGHAMSHIRE,A,A
{09266DDB-88C6-AF90-E063-4704A8C02087},308000,2023-09-29,HP18 0FA,S,N,F,37,,UPENDE,,AYLESBURY,BUCKINGHAMSHIRE,BUCKINGHAMSHIRE,A,A
{09266DDB-88C7-AF90-E063-4704A8C02087},425000,2023-02-23,MK18 3FP,S,N,F,20,,STOCKS LANE,WINSLOW,BUCKINGHAM,BUCKINGHAMSHIRE,BUCKINGHAMSHIRE,A,A
{09266DDB-88C8-AF90-E063-4704A8C02087},360000,2023-07-21,HP19 9DX,T,N,F,3,,PURNELL WALK,,AYLESBURY,BUCKINGHAMSHIRE,BUCKINGHAMSHIRE,A,A
{09266DDB-88CA-AF90-E063-4704A8C02087},480000,2023-04-14,HP15 7EE,S,N,F,85,,CEDAR AVENUE,HAZLEMERE,HIGH WYCOMBE,BUCKINGHAMSHIRE,BUCKINGHAMSHIRE,A,A
{09266DDB-88CB-AF90-E063-4704A8C02087},1150000,2023-04-12,HP9 1SU,D,N,F,12,,SEAGRAVE ROAD,,BEACONSFIELD,BUCKINGHAMSHIRE,BUCKINGHAMSHIRE,A,A
{09266DDB-88CC-AF90-E063-4704A8C02087},156000,2023-05-12,HP17 8NF,S,N,L,8,,PRINTERS PIECE,HADDENHAM,AYLESBURY,BUCKINGHAMSHIRE,BUCKINGHAMSHIRE,A,A
{09266DDB-88CD-AF90-E063-4704A8C02087},265000,2023-09-29,HP6 6FF,F,N,L,STUBWICK COURT,10,OLD SAW MILL PLACE,,AMERSHAM,BUCKINGHAMSHIRE,BUCKINGHAMSHIRE,A,A
{09266DDB-88CE-AF90-E063-4704A8C02087},467000,2023-09-08,HP13 5SF,S,N,F,2,,RED KITE WAY,,HIGH WYCOMBE,BUCKINGHAMSHIRE,BUCKINGHAMSHIRE,A,A
{09266DDB-88D1-AF90-E063-4704A8C02087},350000,2023-09-26,UB9 4BT,F,N,L,130,,KINGS MILL WAY,DENHAM,UXBRIDGE,BUCKINGHAMSHIRE,BUCKINGHAMSHIRE,A,A
{09266DDB-88D2-AF90-E063-4704A8C02087},410000,2023-05-17,HP14 3QH,T,N,F,16,,SLADE ROAD,STOKENCHURCH,HIGH WYCOMBE,BUCKINGHAMSHIRE,BUCKINGHAMSHIRE,A,A
{09266DDB-88D5-AF90-E063-4704A8C02087},505000,2023-08-31,HP13 5SF,S,N,F,19,,RED KITE WAY,,HIGH WYCOMBE,BUCKINGHAMSHIRE,BUCKINGHAMSHIRE,A,A
{09266DDB-88D7-AF90-E063-4704A8C02087},345000,2023-05-05,MK18 2PR,T,N,F,39,,VICARAGE LANE,STEEPLE CLAYDON,BUCKINGHAM,BUCKINGHAMSHIRE,BUCKINGHAMSHIRE,A,A
{09266DDB-88D9-AF90-E063-4704A8C02087},355000,2023-05-26,MK18 1LJ,S,N,F,71,,WESTERN AVENUE,,BUCKINGHAM,BUCKINGHAMSHIRE,BUCKINGHAMSHIRE,A,A
{09266DDB-88DA-AF90-E063-4704A8C02087},665000,2023-08-29,HP18 0HZ,D,N,F,19,,MORGAN DRIVE,,AYLESBURY,BUCKINGHAMSHIRE,BUCKINGHAMSHIRE,A,A
{09266DDB-88DB-AF90-E063-4704A8C02087},318000,2023-07-31,MK3 5QE,S,N,F,40,,DICKENS LANE,NEWTON LEYS,MILTON KEYNES,BUCKINGHAMSHIRE,BUCKINGHAMSHIRE,A,A
{09266DDB-88DD-AF90-E063-4704A8C02087},178000,2023-08-23,HP6 5BG,F,N,L,7A,,SYCAMORE PLACE,,AMERSHAM,BUCKINGHAMSHIRE,BUCKINGHAMSHIRE,A,A
{09266DDB-88DE-AF90-E063-4704A8C02087},680000,2023-09-01,SL9 8HN,F,N,L,"BAYTREES, 20",FLAT 1,SOUTH PARK VIEW,,GERRARDS CROSS,BUCKINGHAMSHIRE,BUCKINGHAMSHIRE,A,A
{09266DDB-88DF-AF90-E063-4704A8C02087},251000,2023-08-30,MK18 7RB,T,N,F,80,,NEEDLEPIN WAY,,BUCKINGHAM,BUCKINGHAMSHIRE,BUCKINGHAMSHIRE,A,A
{09266DDB-88E3-AF90-E063-4704A8C02087},2500000,2023-09-01,SL9 7PP,D,N,F,3,,TOP PARK,,GERRARDS CROSS,BUCKINGHAMSHIRE,BUCKINGHAMSHIRE,A,A
{09266DDB-88E4-AF90-E063-4704A8C02087},960000,2023-08-16,HP27 0RU,D,N,F,BEECHES,,HAMPDEN ROAD,SPEEN,PRINCES RISBOROUGH,BUCKINGHAMSHIRE,BUCKINGHAMSHIRE,A,A
{09266DDB-88E6-AF90-E063-4704A8C02087},410000,2023-03-31,HP18 0YZ,D,N,F,2,,CRAWFORD ROAD,,AYLESBURY,BUCKINGHAMSHIRE,BUCKINGHAMSHIRE,A,A
{09266DDB-88E8-AF90-E063-4704A8C02087},1360000,2023-08-31,SL7 1BS,S,N,F,28,,CLAREMONT GARDENS,,MARLOW,BUCKINGHAMSHIRE,BUCKINGHAMSHIRE,A,A
{09266DDB-88E9-AF90-E063-4704A8C02087},480000,2023-09-08,HP16 0AX,T,N,F,16,,CHURCH STREET,,GREAT MISSENDEN,BUCKINGHAMSHIRE,BUCKINGHAMSHIRE,A,A
{09266DDB-88EA-AF90-E063-4704A8C02087},825000,2023-08-24,HP22 5SL,D,N,F,3A,,BATES LANE,WESTON TURVILLE,AYLESBURY,BUCKINGHAMSHIRE,BUCKINGHAMSHIRE,A,A
{09266DDB-88EB-AF90-E063-4704A8C02087},750000,2023-07-25,HP5 1TN,S,N,F,BLACKWELL GRANGE COTTAGES,1,BLACKWELL HALL LANE,,CHESHAM,BUCKINGHAMSHIRE,BUCKINGHAMSHIRE,A,A
{09266DDB-88ED-AF90-E063-4704A8C02087},210000,2023-08-16,HP19 8JL,F,N,L,39,,BOLDISON CLOSE,,AYLESBURY,BUCKINGHAMSHIRE,BUCKINGHAMSHIRE,A,A
{09266DDB-88EF-AF90-E063-4704A8C02087},155000,2023-04-06,HP19 8JN,F,N,L,49,,QUERCETUM CLOSE,,AYLESBURY,BUCKINGHAMSHIRE,BUCKINGHAMSHIRE,A,A
{09266DDB-88F1-AF90-E063-4704A8C02087},250000,2023-08-30,HP18 0FS,F,N,L,17,,PONDECROFT,,AYLESBURY,BUCKINGHAMSHIRE,BUCKINGHAMSHIRE,A,A
{09266DDB-88F2-AF90-E063-4704A8C02087},293000,2023-04-28,HP5 2GQ,F,N,L,ADDISON COURT,4,ADDISON ROAD,,CHESHAM,BUCKINGHAMSHIRE,BUCKINGHAMSHIRE,A,A
{09266DDB-88F3-AF90-E063-4704A8C02087},670000,2023-01-20,HP22 7AA,D,N,F,1,,MARSTON GATE,BROUGHTON,AYLESBURY,BUCKINGHAMSHIRE,BUCKINGHAMSHIRE,A,A
{09266DDB-88F6-AF90-E063-4704A8C02087},862500,2023-07-28,HP10 9LT,D,N,F,27,,STRAIGHT BIT,FLACKWELL HEATH,HIGH WYCOMBE,BUCKINGHAMSHIRE,BUCKINGHAMSHIRE,A,A
{09266DDB-88F8-AF90-E063-4704A8C02087},130649,2023-09-11,HP5 3BP,F,N,L,100,,CAMERON ROAD,,CHESHAM,BUCKINGHAMSHIRE,BUCKINGHAMSHIRE,A,A
{09266DDB-88F9-AF90-E063-4704A8C02087},865000,2023-09-05,HP11 1BD,D,N,F,7,,DOOLITTLE AVENUE,,HIGH WYCOMBE,BUCKINGHAMSHIRE,BUCKINGHAMSHIRE,A,A
{09266DDB-88FA-AF90-E063-4704A8C02087},1150000,2023-05-04,HP14 4SG,D,N,F,THE FIRS,,PURSSELLS MEADOW,NAPHILL,HIGH WYCOMBE,BUCKINGHAMSHIRE,BUCKINGHAMSHIRE,A,A
{09266DDB-88FB-AF90-E063-4704A8C02087},315000,2023-05-18,HP22 5PJ,T,N,F,4,,OAK PLACE,STOKE MANDEVILLE,AYLESBURY,BUCKINGHAMSHIRE,BUCKINGHAMSHIRE,A,A
{09266DDB-88FC-AF90-E063-4704A8C02087},195000,2023-08-14,HP12 3UD,F,N,L,33,,CASTLEVIEW GARDENS,,HIGH WYCOMBE,BUCKINGHAMSHIRE,BUCKINGHAMSHIRE,A,A
{09266DDB-88FD-AF90-E063-4704A8C02087},550000,2023-09-14,HP15 6UZ,S,N,F,24,,BEECH TREE ROAD,HOLMER GREEN,HIGH WYCOMBE,BUCKINGHAMSHIRE,BUCKINGHAMSHIRE,A,A
{09266DDB-88FE-AF90-E063-4704A8C02087},386261,2023-06-30,HP5 2AP,T,N,F,75,,SUNNYSIDE ROAD,,CHESHAM,BUCKINGHAMSHIRE,BUCKINGHAMSHIRE,A,A
{09266DDB-88FF-AF90-E063-4704A8C02087},690000,2023-10-03,SL7 3EF,D,N,F,11,,THE ORCHARD,,MARLOW,BUCKINGHAMSHIRE,BUCKINGHAMSHIRE,A,A
{09266DDB-8900-AF90-E063-4704A8C02087},465000,2023-09-12,HP5 2FU,T,N,F,11,,ASH GROVE,,CHESHAM,BUCKINGHAMSHIRE,BUCKINGHAMSHIRE,A,A
{09266DDB-8902-AF90-E063-4704A8C02087},775000,2023-08-31,MK17 0JS,D,N,F,44A,,MAIN ROAD,DRAYTON PARSLOW,MILTON KEYNES,BUCKINGHAMSHIRE,BUCKINGHAMSHIRE,A,A
{09266DDB-8904-AF90-E063-4704A8C02087},430000,2023-09-01,LU7 0TE,S,N,F,8,,OVERSTONE CLOSE,WING,LEIGHTON BUZZARD,BUCKINGHAMSHIRE,BUCKINGHAMSHIRE,A,A
{09266DDB-8908-AF90-E063-4704A8C02087},201400,2023-08-09,HP21 8AE,T,N,L,32,,MITCHELL CLOSE,,AYLESBURY,BUCKINGHAMSHIRE,BUCKINGHAMSHIRE,A,A
{09266DDB-8909-AF90-E063-4704A8C02087},550000,2023-04-27,HP10 9JL,D,N,F,37,,NORTHERN WOODS,FLACKWELL HEATH,HIGH WYCOMBE,BUCKINGHAMSHIRE,BUCKINGHAMSHIRE,A,A
{09266DDB-890A-AF90-E063-4704A8C02087},685000,2023-09-26,SL7 2FS,F,N,L,WINDSOR COURT,35,PORTLAND CRESCENT,,MARLOW,BUCKINGHAMSHIRE,BUCKINGHAMSHIRE,A,A
{09266DDB-8911-AF90-E063-4704A8C02087},1175000,2023-08-16,SL9 7NN,D,N,F,5,,MEADWAY PARK,,GERRARDS CROSS,BUCKINGHAMSHIRE,BUCKINGHAMSHIRE,A,A
{09266DDB-8912-AF90-E063-4704A8C02087},268000,2023-08-11,HP13 6PQ,F,N,L,54,FLAT 1,AMERSHAM HILL,,HIGH WYCOMBE,BUCKINGHAMSHIRE,BUCKINGHAMSHIRE,A,A
{09266DDB-8913-AF90-E063-4704A8C02087},780000,2023-06-27,HP12 4DG,D,N,F,SUNNINGDALE,,HEATHFIELD ROAD,,HIGH WYCOMBE,BUCKINGHAMSHIRE,BUCKINGHAMSHIRE,A,A
{09266DDB-8914-AF90-E063-4704A8C02087},932500,2023-08-08,HP15 6AT,D,N,F,54,,WINDMILL LANE,WIDMER END,HIGH WYCOMBE,BUCKINGHAMSHIRE,BUCKINGHAMSHIRE,A,A
{09266DDB-8915-AF90-E063-4704A8C02087},835000,2023-08-24,HP10 9HT,D,N,F,52,,WHITEPIT LANE,FLACKWELL HEATH,HIGH WYCOMBE,BUCKINGHAMSHIRE,BUCKINGHAMSHIRE,A,A
{09266DDB-8916-AF90-E063-4704A8C02087},350000,2023-08-17,HP21 7EH,S,N,F,24,,LONG MEADOW,,AYLESBURY,BUCKINGHAMSHIRE,BUCKINGHAMSHIRE,A,A
{09266DDB-8917-AF90-E063-4704A8C02087},995000,2023-09-01,HP16 0EZ,D,N,F,15,,NEW ROAD,LITTLE KINGSHILL,GREAT MISSENDEN,BUCKINGHAMSHIRE,BUCKINGHAMSHIRE,A,A
{09266DDB-8918-AF90-E063-4704A8C02087},325000,2023-09-01,HP5 1QP,F,N,L,29,,FORELANDS WAY,,CHESHAM,BUCKINGHAMSHIRE,BUCKINGHAMSHIRE,A,A
{09266DDB-891B-AF90-E063-4704A8C02087},130000,2023-08-10,HP11 2LW,F,N,L,22,FLAT 2,WEST WYCOMBE ROAD,,HIGH WYCOMBE,BUCKINGHAMSHIRE,BUCKINGHAMSHIRE,A,A
{09266DDB-891C-AF90-E063-4704A8C02087},226500,2023-07-21,HP18 1AB,F,N,L,11,,ELTON CLOSE,,AYLESBURY,BUCKINGHAMSHIRE,BUCKINGHAMSHIRE,A,A
{09266DDB-891D-AF90-E063-4704A8C02087},296500,2023-08-04,SL9 9QJ,F,N,L,ST PETERS COURT,FLAT 123,HIGH STREET,CHALFONT ST PETER,GERRARDS CROSS,BUCKINGHAMSHIRE,BUCKINGHAMSHIRE,A,A
{09266DDB-8921-AF90-E063-4704A8C02087},185000,2023-08-25,HP10 0DA,F,N,L,7,,HEDGE LEA,WOOBURN GREEN,HIGH WYCOMBE,BUCKINGHAMSHIRE,BUCKINGHAMSHIRE,A,A
{09266DDB-8922-AF90-E063-4704A8C02087},410000,2023-08-17,HP22 5FY,S,N,F,9,,VANTAGE STREET,ASTON CLINTON,AYLESBURY,BUCKINGHAMSHIRE,BUCKINGHAMSHIRE,A,A
{09266DDB-8924-AF90-E063-4704A8C02087},635000,2023-09-13,HP22 5ZX,S,N,F,4,,LOW MEADOW,WESTON TURVILLE,AYLESBURY,BUCKINGHAMSHIRE,BUCKINGHAMSHIRE,A,A
{09266DDB-8928-AF90-E063-4704A8C02087},335000,2023-08-18,HP13 6QS,F,N,L,"UPLYME HOUSE, 35",FLAT 11,AMERSHAM ROAD,,HIGH WYCOMBE,BUCKINGHAMSHIRE,BUCKINGHAMSHIRE,A,A
{09266DDB-892E-AF90-E063-4704A8C02087},300000,2023-08-11,HP11 1BT,F,N,L,"LONDON COURT, 151 - 153",FLAT 8,LONDON ROAD,,HIGH WYCOMBE,BUCKINGHAMSHIRE,BUCKINGHAMSHIRE,A,A
{09266DDB-892F-AF90-E063-4704A8C02087},725000,2023-09-01,SL9 0FU,F,N,L,ST. PETERS GRANGE,9,CHALFONT DENE,CHALFONT ST PETER,GERRARDS CROSS,BUCKINGHAMSHIRE,BUCKINGHAMSHIRE,A,A
{09266DDB-8933-AF90-E063-4704A8C02087},900000,2023-05-05,HP18 9JA,S,N,F,35,,GOLDERS CLOSE,ICKFORD,AYLESBURY,BUCKINGHAMSHIRE,BUCKINGHAMSHIRE,A,A
{09266DDB-8938-AF90-E063-4704A8C02087},1035000,2023-05-19,HP16 9QJ,D,N,F,HIGH HOUSE,,BALLINGER ROAD,SOUTH HEATH,GREAT MISSENDEN,BUCKINGHAMSHIRE,BUCKINGHAMSHIRE,A,A
{09266DDB-8949-AF90-E063-4704A8C02087},145000,2023-06-02,HP12 3AX,F,N,L,40A,,ABERCROMBY AVENUE,,HIGH WYCOMBE,BUCKINGHAMSHIRE,BUCKINGHAMSHIRE,A,A
{09266DDB-894B-AF90-E063-4704A8C02087},375000,2023-06-02,HP18 1AW,S,N,F,21,,BLUE ROCK DRIVE,,AYLESBURY,BUCKINGHAMSHIRE,BUCKINGHAMSHIRE,A,A
{09266DDB-897C-AF90-E063-4704A8C02087},857500,2023-07-07,HP16 0QY,D,N,F,28,,KINGS LANE,SOUTH HEATH,GREAT MISSENDEN,BUCKINGHAMSHIRE,BUCKINGHAMSHIRE,A,A
{09266DDB-8A09-AF90-E063-4704A8C02087},365150,2023-08-15,HP15 7TH,T,N,F,6,,ASHFIELD WAY,HAZLEMERE,HIGH WYCOMBE,BUCKINGHAMSHIRE,BUCKINGHAMSHIRE,A,A
{09266DDB-8A12-AF90-E063-4704A8C02087},299000,2023-08-17,SL7 3TZ,D,N,L,TRINITY COURT,10,WETHERED ROAD,,MARLOW,BUCKINGHAMSHIRE,BUCKINGHAMSHIRE,A,A
{09266DDB-8A23-AF90-E063-4704A8C02087},390000,2023-01-27,LU7 0GQ,T,Y,F,17,,BANCROFT STREET,CHEDDINGTON,LEIGHTON BUZZARD,BUCKINGHAMSHIRE,BUCKINGHAMSHIRE,A,A
{09266DDB-8A2A-AF90-E063-4704A8C02087},620000,2023-08-31,HP11 1JB,D,N,F,173,,KINGSMEAD ROAD,,HIGH WYCOMBE,BUCKINGHAMSHIRE,BUCKINGHAMSHIRE,A,A
{09266DDB-8A2D-AF90-E063-4704A8C02087},315000,2023-06-16,HP11 2JF,S,N,F,56,,WENDOVER STREET,,HIGH WYCOMBE,BUCKINGHAMSHIRE,BUCKINGHAMSHIRE,A,A
{09266DDB-8A30-AF90-E063-4704A8C02087},700000,2023-03-10,LU7 0FY,D,Y,F,15,,PONIES CLOSE,CHEDDINGTON,LEIGHTON BUZZARD,BUCKINGHAMSHIRE,BUCKINGHAMSHIRE,A,A
{09266DDB-8A3D-AF90-E063-4704A8C02087},390000,2023-03-31,HP18 9GQ,S,N,F,36,,POPLAR WAY,ICKFORD,AYLESBURY,BUCKINGHAMSHIRE,BUCKINGHAMSHIRE,A,A
{09266DDB-8A3E-AF90-E063-4704A8C02087},1185000,2023-04-28,HP6 6DT,D,N,F,35,,ST LEONARDS ROAD,,AMERSHAM,BUCKINGHAMSHIRE,BUCKINGHAMSHIRE,A,A
{09266DDB-8A47-AF90-E063-4704A8C02087},545950,2023-05-26,MK18 2RT,D,Y,F,9,,WINTERS WAY,STEEPLE CLAYDON,BUCKINGHAM,BUCKINGHAMSHIRE,BUCKINGHAMSHIRE,A,A
{09266DDB-8A48-AF90-E063-4704A8C02087},200000,2023-09-01,HP11 1XE,F,N,L,DOLPHIN COURT,FLAT 32,KINGSMEAD ROAD,,HIGH WYCOMBE,BUCKINGHAMSHIRE,BUCKINGHAMSHIRE,A,A
{09266DDB-8A49-AF90-E063-4704A8C02087},400000,2023-06-30,MK18 2RB,D,Y,F,5,,MOLLYS MOUNT,STEEPLE CLAYDON,BUCKINGHAM,BUCKINGHAMSHIRE,BUCKINGHAMSHIRE,A,A
{09266DDB-8A4A-AF90-E063-4704A8C02087},610000,2023-09-05,MK18 2RF,D,Y,F,34,,WILLOWVALE WAY,STEEPLE CLAYDON,BUCKINGHAM,BUCKINGHAMSHIRE,BUCKINGHAMSHIRE,A,A
{09266DDB-8A52-AF90-E063-4704A8C02087},535000,2023-09-11,HP22 3AS,D,Y,F,101,,PURSSELL ROAD,WESTON TURVILLE,AYLESBURY,BUCKINGHAMSHIRE,BUCKINGHAMSHIRE,A,A
{09266DDB-8A54-AF90-E063-4704A8C02087},415000,2023-08-25,HP13 7BL,S,N,F,28,,ROBINSON ROAD,,HIGH WYCOMBE,BUCKINGHAMSHIRE,BUCKINGHAMSHIRE,A,A
{09266DDB-8A56-AF90-E063-4704A8C02087},445000,2023-08-24,LU7 0SS,D,N,F,33,,BROWNLOW LANE,CHEDDINGTON,LEIGHTON BUZZARD,BUCKINGHAMSHIRE,BUCKINGHAMSHIRE,A,A
{09266DDB-8A58-AF90-E063-4704A8C02087},720000,2023-09-01,HP7 9JB,S,N,F,45,,LITTLE REEVES AVENUE,,AMERSHAM,BUCKINGHAMSHIRE,BUCKINGHAMSHIRE,A,A
{09266DDB-8A59-AF90-E063-4704A8C02087},355000,2023-09-11,HP13 7BJ,T,N,F,65,,ROBINSON ROAD,,HIGH WYCOMBE,BUCKINGHAMSHIRE,BUCKINGHAMSHIRE,A,A
{09266DDB-8A5A-AF90-E063-4704A8C02087},465000,2023-09-04,HP15 7LA,S,N,F,32,,STOCK FIELD CLOSE,HAZLEMERE,HIGH WYCOMBE,BUCKINGHAMSHIRE,BUCKINGHAMSHIRE,A,A
{09266DDB-8A5B-AF90-E063-4704A8C02087},1050000,2023-05-04,SL7 2RE,D,N,F,29,,TERRINGTON HILL,,MARLOW,BUCKINGHAMSHIRE,BUCKINGHAMSHIRE,A,A
{09266DDB-8A5D-AF90-E063-4704A8C02087},391250,2023-05-18,HP21 7EU,S,N,F,22,,RAMWORTH WAY,,AYLESBURY,BUCKINGHAMSHIRE,BUCKINGHAMSHIRE,A,A
{09266DDB-8A5E-AF90-E063-4704A8C02087},1225000,2023-07-14,SL9 7EN,D,N,F,47,,ST HUBERTS CLOSE,,GERRARDS CROSS,BUCKINGHAMSHIRE,BUCKINGHAMSHIRE,A,A
{09266DDB-8A5F-AF90-E063-4704A8C02087},300000,2023-08-10,HP21 9QB,T,N,F,29,,CHARMFIELD ROAD,,AYLESBURY,BUCKINGHAMSHIRE,BUCKINGHAMSHIRE,A,A
{09266DDB-8A60-AF90-E063-4704A8C02087},792500,2023-06-16,SL2 3BX,D,N,F,5,,FAIRFIELD LANE,FARNHAM ROYAL,SLOUGH,BUCKINGHAMSHIRE,BUCKINGHAMSHIRE,A,A
{09266DDB-8A61-AF90-E063-4704A8C02087},360000,2023-08-11,HP21 7NY,T,N,F,31,,PEMBERTON CLOSE,,AYLESBURY,BUCKINGHAMSHIRE,BUCKINGHAMSHIRE,A,A
{09266DDB-8A62-AF90-E063-4704A8C02087},412500,2023-08-18,HP10 0BT,T,N,F,11,,RUSHBURN,WOOBURN GREEN,HIGH WYCOMBE,BUCKINGHAMSHIRE,BUCKINGHAMSHIRE,A,A
{09266DDB-8A63-AF90-E063-4704A8C02087},325000,2023-10-19,HP17 8EQ,T,N,F,117,,THAME ROAD,HADDENHAM,AYLESBURY,BUCKINGHAMSHIRE,BUCKINGHAMSHIRE,A,A
{09266DDB-8A64-AF90-E063-4704A8C02087},402150,2023-09-04,HP22 5QN,S,N,F,9,,YORKE CLOSE,ASTON CLINTON,AYLESBURY,BUCKINGHAMSHIRE,BUCKINGHAMSHIRE,A,A
{09266DDB-8A65-AF90-E063-4704A8C02087},606000,2023-03-10,HP13 7PQ,D,N,F,29,,FREMANTLE ROAD,,HIGH WYCOMBE,BUCKINGHAMSHIRE,BUCKINGHAMSHIRE,A,A
{09266DDB-8A66-AF90-E063-4704A8C02087},1000000,2023-08-24,SL0 0DH,D,N,F,89,,SLOUGH ROAD,,IVER,BUCKINGHAMSHIRE,BUCKINGHAMSHIRE,B,A
{09266DDB-8A67-AF90-E063-4704A8C02087},750000,2023-03-30,SL9 7AP,D,N,F,ST ALBANS,,OXFORD ROAD,,GERRARDS CROSS,BUCKINGHAMSHIRE,BUCKINGHAMSHIRE,A,A
{09266DDB-8A68-AF90-E063-4704A8C02087},277000,2023-04-28,HP19 7SA,T,N,F,18,,DITCHINGHAM CLOSE,,AYLESBURY,BUCKINGHAMSHIRE,BUCKINGHAMSHIRE,A,A
{09266DDB-8A69-AF90-E063-4704A8C02087},287000,2023-10-09,HP19 7SA,T,N,F,25,,DITCHINGHAM CLOSE,,AYLESBURY,BUCKINGHAMSHIRE,BUCKINGHAMSHIRE,A,A
{09266DDB-8A6A-AF90-E063-4704A8C02087},390000,2023-05-12,MK18 1XF,D,N,F,9,,WHARF VIEW,,BUCKINGHAM,BUCKINGHAMSHIRE,BUCKINGHAMSHIRE,A,A
{09266DDB-8A6B-AF90-E063-4704A8C02087},715000,2023-07-27,HP17 8EX,D,N,F,128,,SHEERSTOCK,HADDENHAM,AYLESBURY,BUCKINGHAMSHIRE,BUCKINGHAMSHIRE,A,A
{09266DDB-8A6C-AF90-E063-4704A8C02087},967000,2023-08-23,SL2 3RE,D,N,F,5,,ROMSEY DRIVE,FARNHAM COMMON,SLOUGH,BUCKINGHAMSHIRE,BUCKINGHAMSHIRE,A,A
{09266DDB-8A6D-AF90-E063-4704A8C02087},330000,2023-08-24,HP19 8SB,T,N,F,19,,SEWELL CLOSE,,AYLESBURY,BUCKINGHAMSHIRE,BUCKINGHAMSHIRE,A,A
{09266DDB-8A6F-AF90-E063-4704A8C02087},575000,2023-10-11,LU7 0NE,D,N,F,30,,STEWKLEY ROAD,WING,LEIGHTON BUZZARD,BUCKINGHAMSHIRE,BUCKINGHAMSHIRE,A,A
{09266DDB-8A70-AF90-E063-4704A8C02087},719000,2023-08-11,HP14 4LZ,D,N,F,30,,SOUTH MAUNDIN,HUGHENDEN VALLEY,HIGH WYCOMBE,BUCKINGHAMSHIRE,BUCKINGHAMSHIRE,A,A
{09266DDB-8A71-AF90-E063-4704A8C02087},535000,2023-04-24,SL1 7DD,S,N,F,63,,GORE ROAD,BURNHAM,SLOUGH,BUCKINGHAMSHIRE,BUCKINGHAMSHIRE,A,A
{09266DDB-8A72-AF90-E063-4704A8C02087},460000,2023-08-04,HP13 6UL,S,N,F,8,,SALISBURY ROAD,,HIGH WYCOMBE,BUCKINGHAMSHIRE,BUCKINGHAMSHIRE,A,A
{09266DDB-8A73-AF90-E063-4704A8C02087},460000,2023-05-11,SL0 9QF,S,N,F,9,,STONECROFT AVENUE,,IVER,BUCKINGHAMSHIRE,BUCKINGHAMSHIRE,A,A
{09266DDB-8A74-AF90-E063-4704A8C02087},385000,2023-04-06,LU7 9AZ,T,N,F,41,,GLEBE CLOSE,PITSTONE,LEIGHTON BUZZARD,BUCKINGHAMSHIRE,BUCKINGHAMSHIRE,A,A
{09266DDB-8A75-AF90-E063-4704A8C02087},342000,2023-04-12,HP22 5JW,S,N,F,11,,BEECHWOOD WAY,ASTON CLINTON,AYLESBURY,BUCKINGHAMSHIRE,BUCKINGHAMSHIRE,A,A
{09266DDB-8A76-AF90-E063-4704A8C02087},1615000,2023-08-18,SL2 3HL,D,N,F,11,,GRANGE GARDENS,FARNHAM COMMON,SLOUGH,BUCKINGHAMSHIRE,BUCKINGHAMSHIRE,A,A
{09266DDB-8A77-AF90-E063-4704A8C02087},285000,2023-09-05,SL9 7DZ,F,N,L,WOODHILL COURT,1,FULMER ROAD,,GERRARDS CROSS,BUCKINGHAMSHIRE,BUCKINGHAMSHIRE,A,A
{09266DDB-8A78-AF90-E063-4704A8C02087},525000,2023-08-18,HP9 1AL,S,N,F,1,,MEADOW LANE,,BEACONSFIELD,BUCKINGHAMSHIRE,BUCKINGHAMSHIRE,A,A
{09266DDB-8A7A-AF90-E063-4704A8C02087},610000,2023-05-19,SL7 1JP,S,N,F,64,,NEWFIELD GARDENS,,MARLOW,BUCKINGHAMSHIRE,BUCKINGHAMSHIRE,A,A
{09266DDB-8A7B-AF90-E063-4704A8C02087},224000,2023-09-15,HP20 2BW,T,N,F,8,,FOSTER CLOSE,,AYLESBURY,BUCKINGHAMSHIRE,BUCKINGHAMSHIRE,A,A
{09266DDB-8A7C-AF90-E063-4704A8C02087},800000,2023-05-05,HP6 6SY,S,N,F,33,,OAKINGTON AVENUE,,AMERSHAM,BUCKINGHAMSHIRE,BUCKINGHAMSHIRE,A,A
{09266DDB-8766-AF90-E063-4704A8C02087},315000,2023-04-28,HP22 5AG,S,N,F,NORMILL TERRACE,6,AYLESBURY ROAD,ASTON CLINTON,AYLESBURY,BUCKINGHAMSHIRE,BUCKINGHAMSHIRE,A,A
{09266DDB-8767-AF90-E063-4704A8C02087},525000,2023-10-06,MK18 4BX,D,N,F,KAPELLAN,,,HILLESDEN,BUCKINGHAM,BUCKINGHAMSHIRE,BUCKINGHAMSHIRE,A,A
{09266DDB-8768-AF90-E063-4704A8C02087},445000,2023-08-29,HP27 0EN,S,N,F,64,,WYCOMBE ROAD,,PRINCES RISBOROUGH,BUCKINGHAMSHIRE,BUCKINGHAMSHIRE,A,A
{09266DDB-8769-AF90-E063-4704A8C02087},400000,2023-05-03,MK18 3BG,S,N,F,2,,ST ALBANS ROAD,WINSLOW,BUCKINGHAM,BUCKINGHAMSHIRE,BUCKINGHAMSHIRE,A,A
{09266DDB-876A-AF90-E063-4704A8C02087},540000,2023-05-12,LU7 0RU,D,N,F,9,,CHURCH LANE,CHEDDINGTON,LEIGHTON BUZZARD,BUCKINGHAMSHIRE,BUCKINGHAMSHIRE,A,A
{09266DDB-876B-AF90-E063-4704A8C02087},950000,2023-09-08,HP16 9EN,D,N,F,66,,HIGH STREET,PRESTWOOD,GREAT MISSENDEN,BUCKINGHAMSHIRE,BUCKINGHAMSHIRE,A,A
{09266DDB-876D-AF90-E063-4704A8C02087},210000,2023-07-28,HP21 8EL,F,N,L,132,,CHURCHILL AVENUE,,AYLESBURY,BUCKINGHAMSHIRE,BUCKINGHAMSHIRE,A,A
{09266DDB-876F-AF90-E063-4704A8C02087},700000,2023-08-23,HP18 0AN,D,N,F,OLD FORGE COTTAGE,,THE GREEN,CUDDINGTON,AYLESBURY,BUCKINGHAMSHIRE,BUCKINGHAMSHIRE,A,A
{09266DDB-8770-AF90-E063-4704A8C02087},525000,2023-09-01,MK18 7JH,D,N,F,23,,WILLOW DRIVE,,BUCKINGHAM,BUCKINGHAMSHIRE,BUCKINGHAMSHIRE,A,A
{09266DDB-8773-AF90-E063-4704A8C02087},500000,2023-10-09,HP7 0EW,T,N,F,18,,THORNHILL CLOSE,,AMERSHAM,BUCKINGHAMSHIRE,BUCKINGHAMSHIRE,A,A
{09266DDB-8774-AF90-E063-4704A8C02087},645000,2023-09-28,HP15 7QZ,D,N,F,LITTLE GRANGE,,GRANGE ROAD,HAZLEMERE,HIGH WYCOMBE,BUCKINGHAMSHIRE,BUCKINGHAMSHIRE,A,A
{09266DDB-8775-AF90-E063-4704A8C02087},2100000,2023-08-29,SL9 0LD,D,N,F,26,,NORTOFT ROAD,CHALFONT ST PETER,GERRARDS CROSS,BUCKINGHAMSHIRE,BUCKINGHAMSHIRE,A,A
{09266DDB-8A7F-AF90-E063-4704A8C02087},410000,2023-08-11,MK18 3LU,D,N,F,27,,LEAPINGWELL LANE,WINSLOW,BUCKINGHAM,BUCKINGHAMSHIRE,BUCKINGHAMSHIRE,A,A
{09266DDB-8A80-AF90-E063-4704A8C02087},437500,2023-09-19,HP5 1RS,S,N,F,85,,ROSE DRIVE,,CHESHAM,BUCKINGHAMSHIRE,BUCKINGHAMSHIRE,A,A
{09266DDB-8A81-AF90-E063-4704A8C02087},332000,2023-09-08,SL8 5UP,T,N,F,14,,FRANK LUNNON CLOSE,,BOURNE END,BUCKINGHAMSHIRE,BUCKINGHAMSHIRE,A,A
{09266DDB-8A83-AF90-E063-4704A8C02087},838000,2023-09-29,SL8 5RF,D,N,F,TAMLAGHT,,RIVERSIDE,,BOURNE END,BUCKINGHAMSHIRE,BUCKINGHAMSHIRE,A,A
{09266DDB-8A84-AF90-E063-4704A8C02087},258000,2023-08-29,HP21 9NN,T,N,F,4,,WELLAND ROAD,,AYLESBURY,BUCKINGHAMSHIRE,BUCKINGHAMSHIRE,A,A
{09266DDB-8A86-AF90-E063-4704A8C02087},473500,2023-08-14,HP10 0DW,S,N,F,17,,CLAPTON APPROACH,WOOBURN GREEN,HIGH WYCOMBE,BUCKINGHAMSHIRE,BUCKINGHAMSHIRE,A,A
{09266DDB-8A87-AF90-E063-4704A8C02087},594000,2023-09-06,UB9 5HT,D,N,F,43,,GREEN TILES LANE,DENHAM,UXBRIDGE,BUCKINGHAMSHIRE,BUCKINGHAMSHIRE,A,A
{09266DDB-8A89-AF90-E063-4704A8C02087},800000,2023-07-27,HP22 5RU,D,N,F,14,,BYE GREEN,WESTON TURVILLE,AYLESBURY,BUCKINGHAMSHIRE,BUCKINGHAMSHIRE,A,A
{09266DDB-8A8A-AF90-E063-4704A8C02087},280000,2023-08-31,MK18 1LN,T,N,F,42,,WESTERN AVENUE,,BUCKINGHAM,BUCKINGHAMSHIRE,BUCKINGHAMSHIRE,A,A
{09266DDB-8A8C-AF90-E063-4704A8C02087},257500,2023-09-22,HP18 9SN,T,N,F,9,,THE LAWNS,BRILL,AYLESBURY,BUCKINGHAMSHIRE,BUCKINGHAMSHIRE,A,A
{09266DDB-8A8D-AF90-E063-4704A8C02087},815000,2023-05-05,UB9 5JE,D,N,F,9,,BOWYER CRESCENT,DENHAM,UXBRIDGE,BUCKINGHAMSHIRE,BUCKINGHAMSHIRE,A,A
{09266DDB-8A8E-AF90-E063-4704A8C02087},465000,2023-10-03,MK18 7HH,D,N,F,5,,PARTRIDGE CLOSE,,BUCKINGHAM,BUCKINGHAMSHIRE,BUCKINGHAMSHIRE,A,A
{09266DDB-8A8F-AF90-E063-4704A8C02087},495000,2023-09-21,HP5 1RG,S,N,F,13,,LARKS RISE,,CHESHAM,BUCKINGHAMSHIRE,BUCKINGHAMSHIRE,A,A
{09266DDB-8A90-AF90-E063-4704A8C02087},240000,2023-10-12,HP6 5AG,F,N,L,5,,TUDOR COURT,,AMERSHAM,BUCKINGHAMSHIRE,BUCKINGHAMSHIRE,A,A
{09266DDB-8A91-AF90-E063-4704A8C02087},1505000,2023-08-30,SL0 9DY,S,N,F,35,,OLD SLADE LANE,,IVER,BUCKINGHAMSHIRE,BUCKINGHAMSHIRE,A,A
{09266DDB-8A92-AF90-E063-4704A8C02087},530000,2023-08-02,HP7 9ER,T,N,F,111,,QUARRENDON ROAD,,AMERSHAM,BUCKINGHAMSHIRE,BUCKINGHAMSHIRE,A,A
{09266DDB-8A93-AF90-E063-4704A8C02087},750000,2023-09-06,UB9 5JE,D,N,F,12,,BOWYER CRESCENT,DENHAM,UXBRIDGE,BUCKINGHAMSHIRE,BUCKINGHAMSHIRE,A,A
{09266DDB-8A94-AF90-E063-4704A8C02087},250000,2023-05-05,HP6 5AN,F,N,L,1,,WINDSOR COURT,,AMERSHAM,BUCKINGHAMSHIRE,BUCKINGHAMSHIRE,A,A
{09266DDB-8A95-AF90-E063-4704A8C02087},555000,2023-09-04,HP5 1RD,S,N,F,6,,FRYER CLOSE,,CHESHAM,BUCKINGHAMSHIRE,BUCKINGHAMSHIRE,A,A
{09266DDB-8A96-AF90-E063-4704A8C02087},585000,2023-07-25,MK18 1JB,D,N,F,4,,TEMPLE CLOSE,,BUCKINGHAM,BUCKINGHAMSHIRE,BUCKINGHAMSHIRE,A,A
{09266DDB-8A97-AF90-E063-4704A8C02087},2800000,2023-09-01,HP9 1PL,D,N,F,19,,CHILTERN HILLS ROAD,,BEACONSFIELD,BUCKINGHAMSHIRE,BUCKINGHAMSHIRE,A,A
{09266DDB-8A9A-AF90-E063-4704A8C02087},232500,2023-08-25,HP18 9SN,T,N,F,11,,THE LAWNS,BRILL,AYLESBURY,BUCKINGHAMSHIRE,BUCKINGHAMSHIRE,A,A
{09266DDB-8A9B-AF90-E063-4704A8C02087},500000,2023-09-01,HP27 0HL,S,N,F,6,,THE AVENUE,,PRINCES RISBOROUGH,BUCKINGHAMSHIRE,BUCKINGHAMSHIRE,A,A
{09266DDB-8A9C-AF90-E063-4704A8C02087},730000,2023-08-31,SL0 0QH,S,N,F,108,,PINEWOOD GREEN,,IVER,BUCKINGHAMSHIRE,BUCKINGHAMSHIRE,A,A
{09266DDB-8A9D-AF90-E063-4704A8C02087},480000,2023-09-20,HP6 5AD,T,N,F,9,,DARLINGTON CLOSE,,AMERSHAM,BUCKINGHAMSHIRE,BUCKINGHAMSHIRE,A,A
{09266DDB-8A9E-AF90-E063-4704A8C02087},370000,2023-09-11,HP5 1SS,S,N,F,134,,BOIS MOOR ROAD,,CHESHAM,BUCKINGHAMSHIRE,BUCKINGHAMSHIRE,A,A
{09266DDB-877A-AF90-E063-4704A8C02087},300000,2023-08-31,HP13 6AZ,S,N,F,58,,BOWERDEAN ROAD,,HIGH WYCOMBE,BUCKINGHAMSHIRE,BUCKINGHAMSHIRE,A,A
{09266DDB-877B-AF90-E063-4704A8C02087},260000,2023-05-25,SL7 3TZ,F,N,L,TRINITY COURT,20,WETHERED ROAD,,MARLOW,BUCKINGHAMSHIRE,BUCKINGHAMSHIRE,A,A
{09266DDB-877D-AF90-E063-4704A8C02087},290000,2023-09-04,HP21 8BW,T,N,F,52,,CHILTERN STREET,,AYLESBURY,BUCKINGHAMSHIRE,BUCKINGHAMSHIRE,A,A
{09266DDB-877E-AF90-E063-4704A8C02087},575000,2023-09-08,HP13 5HY,S,N,F,6,,WESTOVER ROAD,,HIGH WYCOMBE,BUCKINGHAMSHIRE,BUCKINGHAMSHIRE,A,A
{09266DDB-8780-AF90-E063-4704A8C02087},225000,2023-05-17,MK18 1BY,T,N,F,4,,CHURCH STREET,,BUCKINGHAM,BUCKINGHAMSHIRE,BUCKINGHAMSHIRE,A,A
{09266DDB-8781-AF90-E063-4704A8C02087},608000,2023-10-12,HP18 9AS,D,N,F,7,,THAME ROAD,LONG CRENDON,AYLESBURY,BUCKINGHAMSHIRE,BUCKINGHAMSHIRE,A,A
{09266DDB-8783-AF90-E063-4704A8C02087},330000,2023-06-09,HP12 3EB,S,N,F,144,,DASHWOOD AVENUE,,HIGH WYCOMBE,BUCKINGHAMSHIRE,BUCKINGHAMSHIRE,A,A
{09266DDB-8785-AF90-E063-4704A8C02087},750000,2023-09-06,HP7 9BW,S,N,F,42,,POMEROY CLOSE,,AMERSHAM,BUCKINGHAMSHIRE,BUCKINGHAMSHIRE,A,A
{09266DDB-8787-AF90-E063-4704A8C02087},1245000,2023-08-18,HP10 9SZ,D,N,F,LITTLE MAGPIE,,RAYNERS AVENUE,LOUDWATER,HIGH WYCOMBE,BUCKINGHAMSHIRE,BUCKINGHAMSHIRE,A,A
{09266DDB-878B-AF90-E063-4704A8C02087},475000,2023-08-25,HP5 3DA,S,N,F,121,,NALDERS ROAD,,CHESHAM,BUCKINGHAMSHIRE,BUCKINGHAMSHIRE,A,A
{09266DDB-878D-AF90-E063-4704A8C02087},1100000,2023-08-07,HP9 2YW,D,N,F,30,,LONG GROVE,SEER GREEN,BEACONSFIELD,BUCKINGHAMSHIRE,BUCKINGHAMSHIRE,A,A
{09266DDB-878E-AF90-E063-4704A8C02087},760000,2023-03-29,HP27 9NR,D,N,F,10,,CROWNFIELD,SAUNDERTON,PRINCES RISBOROUGH,BUCKINGHAMSHIRE,BUCKINGHAMSHIRE,A,A
{09266DDB-8791-AF90-E063-4704A8C02087},405500,2023-08-10,SL1 7DB,S,N,F,49,,CLONMEL WAY,BURNHAM,SLOUGH,BUCKINGHAMSHIRE,BUCKINGHAMSHIRE,A,A
{09266DDB-8792-AF90-E063-4704A8C02087},910000,2023-09-04,HP7 9NQ,D,N,F,136,,WHITE LION ROAD,,AMERSHAM,BUCKINGHAMSHIRE,BUCKINGHAMSHIRE,A,A
{09266DDB-8794-AF90-E063-4704A8C02087},357000,2023-09-01,HP13 6JG,S,N,F,74,,NICHOLAS GARDENS,,HIGH WYCOMBE,BUCKINGHAMSHIRE,BUCKINGHAMSHIRE,A,A
{09266DDB-8796-AF90-E063-4704A8C02087},610000,2023-08-25,HP5 2QU,S,N,F,20,,CHAPMANS CRESCENT,,CHESHAM,BUCKINGHAMSHIRE,BUCKINGHAMSHIRE,A,A
{09266DDB-8798-AF90-E063-4704A8C02087},640000,2023-05-26,HP7 9NS,D,N,F,37,,BEEL CLOSE,,AMERSHAM,BUCKINGHAMSHIRE,BUCKINGHAMSHIRE,A,A
{09266DDB-8799-AF90-E063-4704A8C02087},904000,2023-08-30,SL2 4BP,D,N,F,18,,BUNBY ROAD,STOKE POGES,SLOUGH,BUCKINGHAMSHIRE,BUCKINGHAMSHIRE,A,A
{09266DDB-879A-AF90-E063-4704A8C02087},575000,2023-09-26,HP7 0DY,T,N,F,129,,HIGH STREET,,AMERSHAM,BUCKINGHAMSHIRE,BUCKINGHAMSHIRE,A,A
{09266DDB-879B-AF90-E063-4704A8C02087},280000,2023-08-02,HP20 1NA,T,N,F,18,,VICTORIA STREET,,AYLESBURY,BUCKINGHAMSHIRE,BUCKINGHAMSHIRE,A,A
{09266DDB-8AA0-AF90-E063-4704A8C02087},602000,2023-08-24,HP10 9RJ,D,N,F,1,,WHINNEYS ROAD,LOUDWATER,HIGH WYCOMBE,BUCKINGHAMSHIRE,BUCKINGHAMSHIRE,A,A
{09266DDB-8AA1-AF90-E063-4704A8C02087},430000,2023-08-31,HP10 0QN,S,N,F,30,,ORCHARD DRIVE,WOOBURN GREEN,HIGH WYCOMBE,BUCKINGHAMSHIRE,BUCKINGHAMSHIRE,A,A
{09266DDB-8AA2-AF90-E063-4704A8C02087},525000,2023-08-25,HP27 9JT,S,N,F,15,,DUNSMORE RIDE,,PRINCES RISBOROUGH,BUCKINGHAMSHIRE,BUCKINGHAMSHIRE,A,A
{09266DDB-8AA3-AF90-E063-4704A8C02087},285000,2023-06-12,HP27 0AQ,S,N,F,28,,JASMINE CRESCENT,,PRINCES RISBOROUGH,BUCKINGHAMSHIRE,BUCKINGHAMSHIRE,A,A
{09266DDB-8AA4-AF90-E063-4704A8C02087},640000,2023-08-11,HP13 5PE,S,N,F,260,,HUGHENDEN ROAD,,HIGH WYCOMBE,BUCKINGHAMSHIRE,BUCKINGHAMSHIRE,A,A
{09266DDB-8AA5-AF90-E063-4704A8C02087},265000,2023-04-28,HP19 8AH,F,N,L,9,,ARDENHAM STREET,,AYLESBURY,BUCKINGHAMSHIRE,BUCKINGHAMSHIRE,A,A
{09266DDB-8AA6-AF90-E063-4704A8C02087},436500,2023-08-25,HP22 4QQ,S,N,F,29,,CHILTERN ROAD,WINGRAVE,AYLESBURY,BUCKINGHAMSHIRE,BUCKINGHAMSHIRE,A,A
{09266DDB-8AA8-AF90-E063-4704A8C02087},375000,2023-01-06,HP13 5AX,S,N,F,16,,TOWER STREET,,HIGH WYCOMBE,BUCKINGHAMSHIRE,BUCKINGHAMSHIRE,A,A
{09266DDB-8AA9-AF90-E063-4704A8C02087},587500,2023-08-25,HP16 9QY,D,N,F,GREENLANDS COTTAGE,,HONOR END LANE,PRESTWOOD,GREAT MISSENDEN,BUCKINGHAMSHIRE,BUCKINGHAMSHIRE,A,A
{09266DDB-879C-AF90-E063-4704A8C02087},767500,2023-08-11,HP10 0ND,S,N,F,6,,RIVERSIDE,WOOBURN MOOR,HIGH WYCOMBE,BUCKINGHAMSHIRE,BUCKINGHAMSHIRE,A,A
{09266DDB-879D-AF90-E063-4704A8C02087},507000,2023-09-26,HP27 0DB,S,N,F,2,,BELL CLOSE,,PRINCES RISBOROUGH,BUCKINGHAMSHIRE,BUCKINGHAMSHIRE,A,A
{09266DDB-879E-AF90-E063-4704A8C02087},240000,2023-08-16,HP8 4RA,F,N,L,15,,SEYMOUR ROAD,,CHALFONT ST GILES,BUCKINGHAMSHIRE,BUCKINGHAMSHIRE,A,A
{09266DDB-879F-AF90-E063-4704A8C02087},310000,2023-09-08,HP22 4BX,S,N,F,97,,STATION ROAD,QUAINTON,AYLESBURY,BUCKINGHAMSHIRE,BUCKINGHAMSHIRE,A,A
{09266DDB-87A0-AF90-E063-4704A8C02087},480000,2023-08-18,HP5 2BW,D,N,F,16,,GREENWAY,,CHESHAM,BUCKINGHAMSHIRE,BUCKINGHAMSHIRE,A,A
{09266DDB-87A2-AF90-E063-4704A8C02087},600000,2023-05-30,UB9 4DS,S,N,F,FAIRVIEW,,OXFORD ROAD,DENHAM,UXBRIDGE,BUCKINGHAMSHIRE,BUCKINGHAMSHIRE,A,A
{09266DDB-87A3-AF90-E063-4704A8C02087},790000,2023-08-18,MK17 9BP,D,N,F,PENNHURST,,CHURCH ROAD,STOKE HAMMOND,MILTON KEYNES,BUCKINGHAMSHIRE,BUCKINGHAMSHIRE,A,A
{09266DDB-87A5-AF90-E063-4704A8C02087},1500000,2023-09-01,MK17 0RB,D,N,F,SINGLEBOROUGH STUD,,BUCKINGHAM ROAD,SINGLEBOROUGH,MILTON KEYNES,BUCKINGHAMSHIRE,BUCKINGHAMSHIRE,A,A
{09266DDB-87A7-AF90-E063-4704A8C02087},442500,2023-08-21,SL7 3SE,T,N,F,FERN COTTAGES,7,FERN LANE,,MARLOW,BUCKINGHAMSHIRE,BUCKINGHAMSHIRE,A,A
{09266DDB-87A9-AF90-E063-4704A8C02087},175000,2023-07-14,HP13 7ER,F,N,L,36,,LINGFIELD CLOSE,,HIGH WYCOMBE,BUCKINGHAMSHIRE,BUCKINGHAMSHIRE,A,A
{09266DDB-87AB-AF90-E063-4704A8C02087},192500,2023-07-19,HP10 9PA,T,N,L,11,,CHERRY CORNER,FLACKWELL HEATH,HIGH WYCOMBE,BUCKINGHAMSHIRE,BUCKINGHAMSHIRE,A,A
{09266DDB-87AC-AF90-E063-4704A8C02087},530000,2023-09-01,MK17 0AQ,D,N,F,10,,PARADISE,NEWTON LONGVILLE,MILTON KEYNES,BUCKINGHAMSHIRE,BUCKINGHAMSHIRE,A,A
{09266DDB-87AD-AF90-E063-4704A8C02087},1155500,2023-09-18,HP6 6PP,D,N,F,19A,,CHENIES AVENUE,,AMERSHAM,BUCKINGHAMSHIRE,BUCKINGHAMSHIRE,A,A
{09266DDB-87AF-AF90-E063-4704A8C02087},265000,2023-08-31,HP18 0TE,S,N,F,24,,SPRINGHILL ROAD,GRENDON UNDERWOOD,AYLESBURY,BUCKINGHAMSHIRE,BUCKINGHAMSHIRE,A,A
{09266DDB-87B0-AF90-E063-4704A8C02087},522000,2023-09-01,HP14 4SS,D,N,F,14,,ALLEN DRIVE,WALTERS ASH,HIGH WYCOMBE,BUCKINGHAMSHIRE,BUCKINGHAMSHIRE,A,A
{09266DDB-87B1-AF90-E063-4704A8C02087},400000,2023-09-28,MK17 0AN,S,N,F,29,,BETTYS CLOSE,NEWTON LONGVILLE,MILTON KEYNES,BUCKINGHAMSHIRE,BUCKINGHAMSHIRE,A,A
{09266DDB-87B2-AF90-E063-4704A8C02087},470000,2023-08-23,SL7 3PD,T,N,F,5,,LEA CLOSE,,MARLOW,BUCKINGHAMSHIRE,BUCKINGHAMSHIRE,A,A
{09266DDB-87B4-AF90-E063-4704A8C02087},540000,2023-09-05,HP12 4BS,S,N,F,88,,CHAPEL LANE,SANDS,HIGH WYCOMBE,BUCKINGHAMSHIRE,BUCKINGHAMSHIRE,A,A
{09266DDB-87B6-AF90-E063-4704A8C02087},1160000,2023-07-12,SL9 7DU,D,N,F,29,,GAVIOTS WAY,,GERRARDS CROSS,BUCKINGHAMSHIRE,BUCKINGHAMSHIRE,A,A
{09266DDB-87B7-AF90-E063-4704A8C02087},290000,2023-08-25,HP22 6EF,T,N,F,50,,SOUTH STREET,WENDOVER,AYLESBURY,BUCKINGHAMSHIRE,BUCKINGHAMSHIRE,A,A
{09266DDB-87B8-AF90-E063-4704A8C02087},815000,2023-09-01,HP18 0AN,D,N,F,THE SPINNEY,,THE GREEN,CUDDINGTON,AYLESBURY,BUCKINGHAMSHIRE,BUCKINGHAMSHIRE,A,A
{09266DDB-87B9-AF90-E063-4704A8C02087},668000,2023-05-31,HP5 3QY,S,N,F,LONGLANDS,,RUSHMERE LANE,ORCHARD LEIGH,CHESHAM,BUCKINGHAMSHIRE,BUCKINGHAMSHIRE,A,A
{09266DDB-87BA-AF90-E063-4704A8C02087},210000,2023-09-07,HP14 3RX,F,N,L,4,,BARTHOLOMEW TIPPING WAY,STOKENCHURCH,HIGH WYCOMBE,BUCKINGHAMSHIRE,BUCKINGHAMSHIRE,A,A
{09266DDB-87BB-AF90-E063-4704A8C02087},310000,2023-08-18,HP21 9NW,T,N,F,29,,WELLAND ROAD,,AYLESBURY,BUCKINGHAMSHIRE,BUCKINGHAMSHIRE,A,A
{09266DDB-87BD-AF90-E063-4704A8C02087},1200000,2023-08-15,MK18 5JE,D,N,F,WHITE HOUSE,,MAIN STREET,CHACKMORE,BUCKINGHAM,BUCKINGHAMSHIRE,BUCKINGHAMSHIRE,A,A
{09266DDB-87BF-AF90-E063-4704A8C02087},355000,2023-09-27,MK17 0DF,S,N,F,20,,WESTBROOK END,NEWTON LONGVILLE,MILTON KEYNES,BUCKINGHAMSHIRE,BUCKINGHAMSHIRE,A,A
{09266DDB-87C0-AF90-E063-4704A8C02087},400000,2023-05-25,HP20 1PX,S,N,F,192,,BROUGHTON AVENUE,,AYLESBURY,BUCKINGHAMSHIRE,BUCKINGHAMSHIRE,A,A
{09266DDB-87C1-AF90-E063-4704A8C02087},390000,2023-08-01,HP11 2TB,S,N,F,3,,PLUMER TERRACE,,HIGH WYCOMBE,BUCKINGHAMSHIRE,BUCKINGHAMSHIRE,A,A
{09266DDB-87C2-AF90-E063-4704A8C02087},537500,2023-09-29,NN13 5JR,S,N,F,5,,MAIN STREET,WESTBURY,BRACKLEY,BUCKINGHAMSHIRE,BUCKINGHAMSHIRE,A,A
{09266DDB-87C3-AF90-E063-4704A8C02087},166000,2023-05-10,HP19 0WA,T,N,L,43,,WHINCHAT,,AYLESBURY,BUCKINGHAMSHIRE,BUCKINGHAMSHIRE,A,A
{09266DDB-87C4-AF90-E063-4704A8C02087},975000,2023-08-24,HP5 1AZ,S,N,F,160,,WHITE HILL,,CHESHAM,BUCKINGHAMSHIRE,BUCKINGHAMSHIRE,A,A
{09266DDB-87C5-AF90-E063-4704A8C02087},585000,2023-08-16,HP5 2PN,D,N,F,137,,HIVINGS HILL,,CHESHAM,BUCKINGHAMSHIRE,BUCKINGHAMSHIRE,A,A
{09266DDB-87C7-AF90-E063-4704A8C02087},212000,2023-09-29,HP19 0GD,F,N,L,DOVE HOUSE,FLAT 2,DOVE PLACE,,AYLESBURY,BUCKINGHAMSHIRE,BUCKINGHAMSHIRE,A,A
{09266DDB-87C9-AF90-E063-4704A8C02087},415000,2023-09-28,MK17 0DA,D,N,F,5,,CHESTNUT CLOSE,NEWTON LONGVILLE,MILTON KEYNES,BUCKINGHAMSHIRE,BUCKINGHAMSHIRE,A,A
{09266DDB-87CA-AF90-E063-4704A8C02087},570000,2023-08-07,HP22 5QZ,S,N,F,3,,WEST END PLACE,WESTON TURVILLE,AYLESBURY,BUCKINGHAMSHIRE,BUCKINGHAMSHIRE,A,A
{09266DDB-87CB-AF90-E063-4704A8C02087},451450,2023-08-01,HP5 1PW,S,N,F,32,,SPRINGFIELD ROAD,,CHESHAM,BUCKINGHAMSHIRE,BUCKINGHAMSHIRE,A,A
{09266DDB-87CD-AF90-E063-4704A8C02087},595000,2023-05-03,HP6 5RU,S,N,F,CONSETT,,BRAYS LANE,HYDE HEATH,AMERSHAM,BUCKINGHAMSHIRE,BUCKINGHAMSHIRE,A,A
{09266DDB-87CF-AF90-E063-4704A8C02087},345000,2023-08-21,HP19 0UQ,T,N,F,23,,PUFFIN WAY,,AYLESBURY,BUCKINGHAMSHIRE,BUCKINGHAMSHIRE,A,A
{09266DDB-87D1-AF90-E063-4704A8C02087},620000,2023-04-04,UB9 5NA,S,N,F,11,,DENHAM GREEN CLOSE,DENHAM,UXBRIDGE,BUCKINGHAMSHIRE,BUCKINGHAMSHIRE,A,A
{09266DDB-87D3-AF90-E063-4704A8C02087},677800,2023-05-25,HP5 3BB,D,N,F,15,,HARDING ROAD,,CHESHAM,BUCKINGHAMSHIRE,BUCKINGHAMSHIRE,A,A
{09266DDB-87D4-AF90-E063-4704A8C02087},285000,2023-05-25,HP16 0PH,F,N,L,6,,GILES GATE,PRESTWOOD,GREAT MISSENDEN,BUCKINGHAMSHIRE,BUCKINGHAMSHIRE,A,A
{09266DDB-87D5-AF90-E063-4704A8C02087},500000,2023-08-21,SL0 0JS,S,N,F,24,,LOSSIE DRIVE,,IVER,BUCKINGHAMSHIRE,BUCKINGHAMSHIRE,A,A
{09266DDB-87DC-AF90-E063-4704A8C02087},475000,2023-08-31,HP22 5EX,D,N,F,75,,GREEN END STREET,ASTON CLINTON,AYLESBURY,BUCKINGHAMSHIRE,BUCKINGHAMSHIRE,A,A
{09266DDB-87DD-AF90-E063-4704A8C02087},295000,2023-04-19,HP22 5UQ,T,N,F,34,,ORCHARD CLOSE,STOKE MANDEVILLE,AYLESBURY,BUCKINGHAMSHIRE,BUCKINGHAMSHIRE,A,A
{09266DDB-87DE-AF90-E063-4704A8C02087},297000,2023-09-05,HP20 2BH,S,N,F,9,,ROXWELL PATH,,AYLESBURY,BUCKINGHAMSHIRE,BUCKINGHAMSHIRE,A,A
{09266DDB-87DF-AF90-E063-4704A8C02087},1040000,2023-05-22,HP16 9RA,S,N,F,2,,BRIARY COTTAGES,GREAT HAMPDEN,GREAT MISSENDEN,BUCKINGHAMSHIRE,BUCKINGHAMSHIRE,A,A
{09266DDB-87E0-AF90-E063-4704A8C02087},447500,2023-08-24,HP18 0SS,D,N,F,2,,BAKERY CLOSE,GRENDON UNDERWOOD,AYLESBURY,BUCKINGHAMSHIRE,BUCKINGHAMSHIRE,A,A
{09266DDB-87E3-AF90-E063-4704A8C02087},499950,2023-09-15,SL9 9RN,T,N,F,ADSTOCK MEWS,7,CHURCH LANE,CHALFONT ST PETER,GERRARDS CROSS,BUCKINGHAMSHIRE,BUCKINGHAMSHIRE,A,A
{09266DDB-87E5-AF90-E063-4704A8C02087},612500,2023-08-25,HP22 5YH,D,N,F,31,,CARTERS RIDE,STOKE MANDEVILLE,AYLESBURY,BUCKINGHAMSHIRE,BUCKINGHAMSHIRE,A,A
{09266DDB-87E6-AF90-E063-4704A8C02087},390000,2023-09-29,HP17 8JQ,S,N,F,19,,COTTLAND CLAY,HADDENHAM,AYLESBURY,BUCKINGHAMSHIRE,BUCKINGHAMSHIRE,A,A
{09266DDB-87E7-AF90-E063-4704A8C02087},1268000,2023-08-04,MK17 0RA,D,N,F,MANOR FARM,THE HAYLOFT,NASH ROAD,GREAT HORWOOD,MILTON KEYNES,BUCKINGHAMSHIRE,BUCKINGHAMSHIRE,A,A
{09266DDB-87E9-AF90-E063-4704A8C02087},223000,2023-05-05,SL7 3EA,F,N,L,ALFRED DAVIS COURT,6,WETHERED ROAD,,MARLOW,BUCKINGHAMSHIRE,BUCKINGHAMSHIRE,A,A
{09266DDB-87EA-AF90-E063-4704A8C02087},534500,2023-08-25,HP5 3AY,T,N,F,72,,ESKDALE AVENUE,,CHESHAM,BUCKINGHAMSHIRE,BUCKINGHAMSHIRE,A,A
{09266DDB-87EB-AF90-E063-4704A8C02087},950000,2023-09-15,SL7 1BH,S,N,F,17,,CLAREMONT ROAD,,MARLOW,BUCKINGHAMSHIRE,BUCKINGHAMSHIRE,A,A
{09266DDB-87ED-AF90-E063-4704A8C02087},940000,2023-08-24,SL2 3RL,D,N,F,JOYOUS GARDE,,HEDGERLEY HILL,HEDGERLEY,SLOUGH,BUCKINGHAMSHIRE,BUCKINGHAMSHIRE,A,A
{09266DDB-87EF-AF90-E063-4704A8C02087},1875000,2023-07-05,SL9 7NA,D,N,F,8,,WINDSOR ROAD,,GERRARDS CROSS,BUCKINGHAMSHIRE,BUCKINGHAMSHIRE,A,A
{09266DDB-87F0-AF90-E063-4704A8C02087},1100000,2023-09-01,SL9 7JB,D,N,F,40,,BIRCHDALE,,GERRARDS CROSS,BUCKINGHAMSHIRE,BUCKINGHAMSHIRE,A,A
{09266DDB-87F2-AF90-E063-4704A8C02087},470000,2023-09-11,SL7 3BA,T,N,F,3,,SANDYGATE CLOSE,,MARLOW,BUCKINGHAMSHIRE,BUCKINGHAMSHIRE,A,A
{09266DDB-87F4-AF90-E063-4704A8C02087},270500,2023-09-22,MK18 5HN,T,N,F,14,,CORONATION COTTAGES,AKELEY,BUCKINGHAM,BUCKINGHAMSHIRE,BUCKINGHAMSHIRE,A,A
{09266DDB-87F5-AF90-E063-4704A8C02087},1525000,2023-09-12,HP27 9LR,D,N,F,THE WHITE CROSS,,CROWBROOK ROAD,ASKETT,PRINCES RISBOROUGH,BUCKINGHAMSHIRE,BUCKINGHAMSHIRE,A,A
{09266DDB-87F6-AF90-E063-4704A8C02087},320000,2023-08-14,HP6 6EL,F,N,L,BUCKINGHAM COURT,9,CHESTNUT LANE,,AMERSHAM,BUCKINGHAMSHIRE,BUCKINGHAMSHIRE,A,A
{09266DDB-87F8-AF90-E063-4704A8C02087},365000,2023-04-05,HP14 3NA,T,N,F,42,,NEW ROAD,BOLTER END,HIGH WYCOMBE,BUCKINGHAMSHIRE,BUCKINGHAMSHIRE,A,A
{09266DDB-87F9-AF90-E063-4704A8C02087},2800000,2023-09-22,HP27 9QQ,D,N,F,COPPER BEECHES,,SANDPIT LANE,BLEDLOW,PRINCES RISBOROUGH,BUCKINGHAMSHIRE,BUCKINGHAMSHIRE,A,A
{09266DDB-87FA-AF90-E063-4704A8C02087},932500,2023-08-04,HP12 4DY,D,N,F,APPLE COTTAGE,,HIGHFIELD AVENUE,,HIGH WYCOMBE,BUCKINGHAMSHIRE,BUCKINGHAMSHIRE,A,A
{09266DDB-87FB-AF90-E063-4704A8C02087},1100000,2023-04-28,HP10 0JG,D,N,F,PROSPECT HOUSE,,WIDMOOR,WOOBURN GREEN,HIGH WYCOMBE,BUCKINGHAMSHIRE,BUCKINGHAMSHIRE,A,A
{09266DDB-87FC-AF90-E063-4704A8C02087},590000,2023-10-03,HP16 9PA,S,N,L,14,,OLD TOWN FARM,,GREAT MISSENDEN,BUCKINGHAMSHIRE,BUCKINGHAMSHIRE,A,A
{09266DDB-87FD-AF90-E063-4704A8C02087},1140000,2023-08-24,HP22 4DZ,D,N,F,BALEBECK,,LOWER ROAD,HARDWICK,AYLESBURY,BUCKINGHAMSHIRE,BUCKINGHAMSHIRE,A,A
{09266DDB-8801-AF90-E063-4704A8C02087},420000,2023-08-25,HP12 4DA,S,N,F,ROSEVILLE,,PINEWOOD ROAD,,HIGH WYCOMBE,BUCKINGHAMSHIRE,BUCKINGHAMSHIRE,A,A
{09266DDB-8802-AF90-E063-4704A8C02087},450000,2023-10-04,SL7 2SN,D,N,L,THE GROVE,19,HARLEYFORD,,MARLOW,BUCKINGHAMSHIRE,BUCKINGHAMSHIRE,A,A
{09266DDB-8803-AF90-E063-4704A8C02087},950000,2023-09-29,HP27 0QD,D,N,F,STEPPING STONES,,GOODACRES LANE,LACEY GREEN,PRINCES RISBOROUGH,BUCKINGHAMSHIRE,BUCKINGHAMSHIRE,A,A
{09266DDB-8804-AF90-E063-4704A8C02087},710000,2023-08-15,MK18 1GN,D,N,F,11,,MOORHEN WAY,,BUCKINGHAM,BUCKINGHAMSHIRE,BUCKINGHAMSHIRE,A,A
{09266DDB-8808-AF90-E063-4704A8C02087},605000,2023-09-14,HP15 6RT,D,N,F,6,,GABLES MEADOW,HOLMER GREEN,HIGH WYCOMBE,BUCKINGHAMSHIRE,BUCKINGHAMSHIRE,A,A
{09266DDB-8809-AF90-E063-4704A8C02087},200000,2023-10-10,HP21 8XS,T,N,F,125,,HOLLY DRIVE,,AYLESBURY,BUCKINGHAMSHIRE,BUCKINGHAMSHIRE,A,A
{09266DDB-880B-AF90-E063-4704A8C02087},610000,2023-05-12,HP5 2QP,D,N,F,20,,POLES HILL,,CHESHAM,BUCKINGHAMSHIRE,BUCKINGHAMSHIRE,A,A
{09266DDB-880C-AF90-E063-4704A8C02087},1325000,2023-08-10,SL9 8NA,S,N,F,STONLEIGH,,ACREFIELD ROAD,CHALFONT ST PETER,GERRARDS CROSS,BUCKINGHAMSHIRE,BUCKINGHAMSHIRE,A,A
{09266DDB-880D-AF90-E063-4704A8C02087},519000,2023-10-02,HP27 9JP,S,N,F,2,,PILGRIMS CLOSE,,PRINCES RISBOROUGH,BUCKINGHAMSHIRE,BUCKINGHAMSHIRE,A,A
{09266DDB-880F-AF90-E063-4704A8C02087},267500,2023-08-04,HP19 0YJ,S,N,F,52,,LARK VALE,,AYLESBURY,BUCKINGHAMSHIRE,BUCKINGHAMSHIRE,A,A
{09266DDB-8810-AF90-E063-4704A8C02087},345000,2023-09-04,HP17 8NA,S,N,F,7,,HORDERN CLOSE,HADDENHAM,AYLESBURY,BUCKINGHAMSHIRE,BUCKINGHAMSHIRE,A,A
{09266DDB-8811-AF90-E063-4704A8C02087},630000,2023-09-28,SL7 1HG,S,N,F,110,,LITTLE MARLOW ROAD,,MARLOW,BUCKINGHAMSHIRE,BUCKINGHAMSHIRE,A,A
{09266DDB-8813-AF90-E063-4704A8C02087},240000,2023-07-21,HP19 9NP,T,N,F,31,,ABBEY ROAD,,AYLESBURY,BUCKINGHAMSHIRE,BUCKINGHAMSHIRE,A,A
{09266DDB-8814-AF90-E063-4704A8C02087},535000,2023-08-22,HP15 7DR,S,N,F,6,,MARYS MEAD,HAZLEMERE,HIGH WYCOMBE,BUCKINGHAMSHIRE,BUCKINGHAMSHIRE,A,A
{09266DDB-8816-AF90-E063-4704A8C02087},880000,2023-04-21,HP15 6LH,S,N,F,GRANARY BARN,,KINGSHILL ROAD,FOUR ASHES,HIGH WYCOMBE,BUCKINGHAMSHIRE,BUCKINGHAMSHIRE,A,A
{09266DDB-8818-AF90-E063-4704A8C02087},390000,2023-09-08,HP17 8HF,S,N,F,42,,WILLIS ROAD,HADDENHAM,AYLESBURY,BUCKINGHAMSHIRE,BUCKINGHAMSHIRE,A,A
{09266DDB-881A-AF90-E063-4704A8C02087},1000000,2023-08-16,SL9 9SQ,S,N,F,55,,FIELDWAY,CHALFONT ST PETER,GERRARDS CROSS,BUCKINGHAMSHIRE,BUCKINGHAMSHIRE,A,A
{09266DDB-881F-AF90-E063-4704A8C02087},575000,2023-05-24,HP12 4DX,D,N,F,24,,GRAHAM DRIVE,,HIGH WYCOMBE,BUCKINGHAMSHIRE,BUCKINGHAMSHIRE,A,A
{09266DDB-8822-AF90-E063-4704A8C02087},175000,2023-05-26,MK18 5HU,T,N,F,7,,THE TERRACE,AKELEY,BUCKINGHAM,BUCKINGHAMSHIRE,BUCKINGHAMSHIRE,A,A
{09266DDB-8823-AF90-E063-4704A8C02087},1100000,2023-08-31,SL7 2AS,D,N,F,14,,HARWOOD ROAD,,MARLOW,BUCKINGHAMSHIRE,BUCKINGHAMSHIRE,A,A
{09266DDB-8824-AF90-E063-4704A8C02087},850000,2023-05-11,HP22 5NF,D,N,F,21,,UPPER ICKNIELD WAY,ASTON CLINTON,AYLESBURY,BUCKINGHAMSHIRE,BUCKINGHAMSHIRE,A,A
{09266DDB-8827-AF90-E063-4704A8C02087},3900000,2023-05-17,HP9 2LW,D,N,F,ARENDAL,,PENN ROAD,,BEACONSFIELD,BUCKINGHAMSHIRE,BUCKINGHAMSHIRE,A,A
{09266DDB-8828-AF90-E063-4704A8C02087},315000,2023-07-28,HP13 5EE,T,N,F,14,,TELFORD WAY,,HIGH WYCOMBE,BUCKINGHAMSHIRE,BUCKINGHAMSHIRE,A,A
{09266DDB-8829-AF90-E063-4704A8C02087},320000,2023-05-30,HP21 7SE,T,N,F,6,,HIGHBRIDGE WALK,,AYLESBURY,BUCKINGHAMSHIRE,BUCKINGHAMSHIRE,A,A
{09266DDB-882A-AF90-E063-4704A8C02087},520000,2023-09-01,HP19 7FS,D,N,F,37,,WOODFORD CLOSE,,AYLESBURY,BUCKINGHAMSHIRE,BUCKINGHAMSHIRE,A,A
{09266DDB-882C-AF90-E063-4704A8C02087},667500,2023-08-11,HP20 1PY,D,N,F,132,,BROUGHTON AVENUE,,AYLESBURY,BUCKINGHAMSHIRE,BUCKINGHAMSHIRE,A,A
{09266DDB-882E-AF90-E063-4704A8C02087},315000,2023-09-11,HP13 5TF,T,N,F,40,,MENDIP WAY,,HIGH WYCOMBE,BUCKINGHAMSHIRE,BUCKINGHAMSHIRE,A,A
{09266DDB-8830-AF90-E063-4704A8C02087},1775000,2023-05-03,SL2 4HN,S,N,F,THE SCHOOL HOUSE,,STOKE GREEN,STOKE POGES,SLOUGH,BUCKINGHAMSHIRE,BUCKINGHAMSHIRE,A,A
{09266DDB-8831-AF90-E063-4704A8C02087},475000,2023-10-06,HP10 9AJ,D,N,F,4,,CHILTERN GREEN,FLACKWELL HEATH,HIGH WYCOMBE,BUCKINGHAMSHIRE,BUCKINGHAMSHIRE,A,A
{09266DDB-8832-AF90-E063-4704A8C02087},1650000,2023-08-17,HP9 2ST,D,N,F,CHRISTOW COTTAGE,,SEER GREEN LANE,JORDANS,BEACONSFIELD,BUCKINGHAMSHIRE,BUCKINGHAMSHIRE,A,A
{09266DDB-8834-AF90-E063-4704A8C02087},667500,2023-09-06,HP7 9EH,S,N,F,61,,QUARRENDON ROAD,,AMERSHAM,BUCKINGHAMSHIRE,BUCKINGHAMSHIRE,A,A
{09266DDB-8835-AF90-E063-4704A8C02087},190000,2023-06-30,HP17 8JH,F,N,L,23,,RUNFURROW,HADDENHAM,AYLESBURY,BUCKINGHAMSHIRE,BUCKINGHAMSHIRE,A,A
{09266DDB-8836-AF90-E063-4704A8C02087},375000,2023-09-01,HP19 8GS,S,N,F,2,,PARMITER CLOSE,,AYLESBURY,BUCKINGHAMSHIRE,BUCKINGHAMSHIRE,A,A
{09266DDB-8837-AF90-E063-4704A8C02087},850000,2023-09-12,HP18 9QH,D,N,F,7,,BRILL ROAD,OAKLEY,AYLESBURY,BUCKINGHAMSHIRE,BUCKINGHAMSHIRE,A,A
{09266DDB-8838-AF90-E063-4704A8C02087},445000,2023-07-31,SL9 7RT,D,N,L,BULSTRODE COURT,39,HEATHFIELD WAY,,GERRARDS CROSS,BUCKINGHAMSHIRE,BUCKINGHAMSHIRE,A,A
{09266DDB-883A-AF90-E063-4704A8C02087},862500,2023-10-20,HP17 8JS,S,N,F,"FORGE COTTAGE, 10",,ROSEMARY LANE,HADDENHAM,AYLESBURY,BUCKINGHAMSHIRE,BUCKINGHAMSHIRE,A,A
{09266DDB-883B-AF90-E063-4704A8C02087},980000,2023-08-25,HP5 1QE,D,N,F,"CHESS COTTAGE, 347",,WATERSIDE,,CHESHAM,BUCKINGHAMSHIRE,BUCKINGHAMSHIRE,A,A
{09266DDB-883C-AF90-E063-4704A8C02087},3750000,2023-05-26,SL8 5PB,D,N,F,UNDERIDGE,,CHAPMAN LANE,,BOURNE END,BUCKINGHAMSHIRE,BUCKINGHAMSHIRE,A,A
{09266DDB-883D-AF90-E063-4704A8C02087},345000,2023-08-31,SL7 1NR,F,N,L,2,,LITTLE BOLTONS,,MARLOW,BUCKINGHAMSHIRE,BUCKINGHAMSHIRE,A,A
{09266DDB-883E-AF90-E063-4704A8C02087},760000,2023-10-26,HP27 9PD,D,N,F,ETONS PIECE,,CHURCH END,BLEDLOW,PRINCES RISBOROUGH,BUCKINGHAMSHIRE,BUCKINGHAMSHIRE,A,A
{09266DDB-8840-AF90-E063-4704A8C02087},510000,2023-08-25,HP16 9AN,S,N,F,1,,RIGNALL ROAD,,GREAT MISSENDEN,BUCKINGHAMSHIRE,BUCKINGHAMSHIRE,A,A
{09266DDB-8841-AF90-E063-4704A8C02087},150000,2023-09-05,HP19 9SY,F,N,L,FLORENCE COURT,15,WILLOW ROAD,,AYLESBURY,BUCKINGHAMSHIRE,BUCKINGHAMSHIRE,A,A
{09266DDB-8842-AF90-E063-4704A8C02087},128000,2023-02-13,HP19 9SY,F,N,L,FLORENCE COURT,28,WILLOW ROAD,,AYLESBURY,BUCKINGHAMSHIRE,BUCKINGHAMSHIRE,A,A
{09266DDC-4FB4-AF90-E063-4704A8C02087},340000,2023-10-19,HP10 9DU,F,N,L,12A,,HEATH END ROAD,FLACKWELL HEATH,HIGH WYCOMBE,BUCKINGHAMSHIRE,BUCKINGHAMSHIRE,B,A
{09266DDC-4FB6-AF90-E063-4704A8C02087},700000,2023-07-28,SL2 4EB,S,N,F,26,,PENN MEADOW,STOKE POGES,SLOUGH,BUCKINGHAMSHIRE,BUCKINGHAMSHIRE,B,A
{09266DDC-4FB7-AF90-E063-4704A8C02087},922500,2023-08-01,HP7 0HW,O,N,F,12,,NORWOOD COURT,,AMERSHAM,BUCKINGHAMSHIRE,BUCKINGHAMSHIRE,B,A
{09266DDC-4FB9-AF90-E063-4704A8C02087},587500,2023-06-01,HP13 6XD,S,N,F,83,,ROBERTS ROAD,,HIGH WYCOMBE,BUCKINGHAMSHIRE,BUCKINGHAMSHIRE,B,A
{09266DDC-4FBB-AF90-E063-4704A8C02087},217000,2023-08-31,HP19 9LB,T,N,F,23,,REDCLIFFE WALK,,AYLESBURY,BUCKINGHAMSHIRE,BUCKINGHAMSHIRE,B,A
{09266DDC-4FBD-AF90-E063-4704A8C02087},160000,2023-04-28,MK18 1SQ,O,N,F,14,,BALMER CUT,BUCKINGHAM INDUSTRIAL ESTATE,BUCKINGHAM,BUCKINGHAMSHIRE,BUCKINGHAMSHIRE,B,A
{09266DDC-4FC5-AF90-E063-4704A8C02087},815000,2023-05-30,SL7 3JR,D,N,F,33,,SOUTHVIEW ROAD,,MARLOW,BUCKINGHAMSHIRE,BUCKINGHAMSHIRE,B,A
{09266DDC-4FC7-AF90-E063-4704A8C02087},2106000,2023-07-27,SL0 0PH,O,N,F,SOUTHLANDS,,DENHAM ROAD,,IVER,BUCKINGHAMSHIRE,BUCKINGHAMSHIRE,B,A
{09266DDC-4FCA-AF90-E063-4704A8C02087},370000,2023-05-16,HP13 5RE,O,N,F,3,,MANOR COURTYARD,,HIGH WYCOMBE,BUCKINGHAMSHIRE,BUCKINGHAMSHIRE,B,A
{09266DDC-4FCB-AF90-E063-4704A8C02087},1200000,2023-08-24,HP9 2NJ,O,N,F,17,,REYNOLDS ROAD,,BEACONSFIELD,BUCKINGHAMSHIRE,BUCKINGHAMSHIRE,B,A
{09266DDC-4FCC-AF90-E063-4704A8C02087},275000,2023-04-04,HP21 8BT,S,N,F,22,,CHILTERN STREET,,AYLESBURY,BUCKINGHAMSHIRE,BUCKINGHAMSHIRE,B,A
{09266DDC-4FCE-AF90-E063-4704A8C02087},2500000,2023-08-04,RG9 6LJ,O,N,F,ROYAL OAK COTTAGE,,,NORTHEND,HENLEY-ON-THAMES,BUCKINGHAMSHIRE,BUCKINGHAMSHIRE,B,A
{09266DDC-4FD2-AF90-E063-4704A8C02087},356000,2023-10-30,HP13 5SL,S,N,F,57,,HUGHENDEN AVENUE,,HIGH WYCOMBE,BUCKINGHAMSHIRE,BUCKINGHAMSHIRE,B,A
{09266DDC-4FD6-AF90-E063-4704A8C02087},633000,2023-07-31,HP14 3QR,O,N,F,JACKS HOUSE,,SPRINGFIELD ROAD,STOKENCHURCH,HIGH WYCOMBE,BUCKINGHAMSHIRE,BUCKINGHAMSHIRE,B,A
{09266DDC-4FD7-AF90-E063-4704A8C02087},292000,2023-08-30,SL0 0RS,O,N,L,73,,ST DAVIDS CLOSE,,IVER,BUCKINGHAMSHIRE,BUCKINGHAMSHIRE,B,A
{09266DDC-4FD8-AF90-E063-4704A8C02087},3250000,2023-05-19,HP21 9AP,O,N,F,HARRINGTON HOUSE,,EMMETT DRIVE,STOKE MANDEVILLE,AYLESBURY,BUCKINGHAMSHIRE,BUCKINGHAMSHIRE,B,A
{09266DDC-4FDB-AF90-E063-4704A8C02087},355000,2023-01-05,HP13 5RZ,T,N,F,67,,CUMBRIAN WAY,,HIGH WYCOMBE,BUCKINGHAMSHIRE,BUCKINGHAMSHIRE,B,A
{09266DDC-4FDE-AF90-E063-4704A8C02087},240000,2023-08-09,HP8 4QH,T,N,F,21,,HIGH STREET,,CHALFONT ST GILES,BUCKINGHAMSHIRE,BUCKINGHAMSHIRE,B,A
{09266DDC-4FE4-AF90-E063-4704A8C02087},3500000,2023-06-02,SL0 9HX,O,N,F,"ORBITAL, 46",UNIT A,THE RIDGEWAY,,IVER,BUCKINGHAMSHIRE,BUCKINGHAMSHIRE,B,A
{09266DDC-4FE5-AF90-E063-4704A8C02087},1000000,2023-10-06,HP22 4SJ,O,N,F,THE FIRS,COACH HOUSE,HIGH STREET,WHITCHURCH,AYLESBURY,BUCKINGHAMSHIRE,BUCKINGHAMSHIRE,B,A
{09266DDC-4FE7-AF90-E063-4704A8C02087},2975000,2023-01-13,HP15 6HZ,O,N,F,COPES FARM,THE OLD TYTHE BARN,SPURLANDS END ROAD,GREAT KINGSHILL,HIGH WYCOMBE,BUCKINGHAMSHIRE,BUCKINGHAMSHIRE,B,A
{09266DDC-4FEA-AF90-E063-4704A8C02087},467500,2023-03-23,SL7 3AA,O,N,F,11,,DEAN STREET,,MARLOW,BUCKINGHAMSHIRE,BUCKINGHAMSHIRE,B,A
{09266DDC-4FEC-AF90-E063-4704A8C02087},4100000,2023-08-24,HP7 0LL,O,N,F,WESTWOOD HOUSE,,MEADOWCOT LANE,COLESHILL,AMERSHAM,BUCKINGHAMSHIRE,BUCKINGHAMSHIRE,B,A
{09266DDC-4FEF-AF90-E063-4704A8C02087},475000,2023-10-16,HP5 2FN,T,N,F,15,,SHEER CROFT,,CHESHAM,BUCKINGHAMSHIRE,BUCKINGHAMSHIRE,B,A
{09266DDC-4FF0-AF90-E063-4704A8C02087},9000,2023-07-27,,O,N,F,PLOT B141,,MARLOW ROAD,LANE END,HIGH WYCOMBE,BUCKINGHAMSHIRE,BUCKINGHAMSHIRE,B,A
{09266DDC-4FF1-AF90-E063-4704A8C02087},285000,2023-05-09,HP22 5WE,F,N,L,4,,WROUGHTON ROAD,WENDOVER,AYLESBURY,BUCKINGHAMSHIRE,BUCKINGHAMSHIRE,B,A
{09266DDC-4FF2-AF90-E063-4704A8C02087},725000,2023-05-19,SL7 3ED,S,N,F,45,,OAK TREE ROAD,,MARLOW,BUCKINGHAMSHIRE,BUCKINGHAMSHIRE,B,A
{09266DDC-4FF3-AF90-E063-4704A8C02087},365000,2023-08-31,HP19 9RA,S,N,F,111,,PRINCE RUPERT DRIVE,,AYLESBURY,BUCKINGHAMSHIRE,BUCKINGHAMSHIRE,B,A
{09266DDC-4FFE-AF90-E063-4704A8C02087},450000,2023-05-31,HP22 4DQ,O,N,F,FIELDSIDE FARM,UNIT 2,DODDERSHALL,QUAINTON,AYLESBURY,BUCKINGHAMSHIRE,BUCKINGHAMSHIRE,B,A
{09266DDC-5000-AF90-E063-4704A8C02087},385000,2023-08-30,HP15 6BS,T,N,F,25,,COLUMBINE ROAD,WIDMER END,HIGH WYCOMBE,BUCKINGHAMSHIRE,BUCKINGHAMSHIRE,B,A
{09266DDC-5001-AF90-E063-4704A8C02087},413000,2023-06-14,MK18 3FP,S,N,F,41,,STOCKS LANE,WINSLOW,BUCKINGHAM,BUCKINGHAMSHIRE,BUCKINGHAMSHIRE,B,A
{09266DDC-5002-AF90-E063-4704A8C02087},405000,2023-10-06,HP27 9EP,F,N,L,CHILTERN LODGE,24,LONGWICK ROAD,,PRINCES RISBOROUGH,BUCKINGHAMSHIRE,BUCKINGHAMSHIRE,B,A
{09266DDC-5003-AF90-E063-4704A8C02087},136000,2023-09-22,HP20 1UR,O,N,L,THE EXCHANGE,FLAT 23,EXCHANGE STREET,,AYLESBURY,BUCKINGHAMSHIRE,BUCKINGHAMSHIRE,B,A
{09266DDC-5004-AF90-E063-4704A8C02087},375000,2023-07-21,HP22 7BY,S,N,F,6,,CORONET ROAD,BROUGHTON,AYLESBURY,BUCKINGHAMSHIRE,BUCKINGHAMSHIRE,B,A
{09266DDC-5007-AF90-E063-4704A8C02087},1000,2023-05-12,HP7 9PH,O,N,L,5,,CHENIES PARADE,,AMERSHAM,BUCKINGHAMSHIRE,BUCKINGHAMSHIRE,B,A
{09266DDC-5008-AF90-E063-4704A8C02087},395000,2023-08-04,SL7 1HA,O,N,F,27,CHURCHILL HOUSE,LITTLE MARLOW ROAD,,MARLOW,BUCKINGHAMSHIRE,BUCKINGHAMSHIRE,B,A
{09266DDC-502C-AF90-E063-4704A8C02087},305000,2023-04-28,HP8 4QH,O,N,F,THE BUTCHERS SHOP,,HIGH STREET,,CHALFONT ST GILES,BUCKINGHAMSHIRE,BUCKINGHAMSHIRE,B,A
{09266DDC-5030-AF90-E063-4704A8C02087},995000,2023-02-24,HP9 2DG,O,N,L,"MANOR HOUSE, 70",APARTMENT 3,LEDBOROUGH LANE,,BEACONSFIELD,BUCKINGHAMSHIRE,BUCKINGHAMSHIRE,B,A
{09266DDC-5032-AF90-E063-4704A8C02087},85000,2023-03-31,,O,N,F,PLOT 7,,TAPLOW COMMON ROAD,BURNHAM,SLOUGH,BUCKINGHAMSHIRE,BUCKINGHAMSHIRE,B,A
{09266DDC-5035-AF90-E063-4704A8C02087},70000,2023-05-30,,O,N,F,PLOT 2,,TAPLOW COMMON ROAD,BURNHAM,SLOUGH,BUCKINGHAMSHIRE,BUCKINGHAMSHIRE,B,A
{09266DDC-5036-AF90-E063-4704A8C02087},75000,2023-05-30,,O,N,F,PLOT 3,,TAPLOW COMMON ROAD,BURNHAM,SLOUGH,BUCKINGHAMSHIRE,BUCKINGHAMSHIRE,B,A
{09266DDC-5037-AF90-E063-4704A8C02087},75000,2023-05-24,,O,N,F,PLOT 4,,TAPLOW COMMON ROAD,BURNHAM,SLOUGH,BUCKINGHAMSHIRE,BUCKINGHAMSHIRE,B,A
{09266DDC-5038-AF90-E063-4704A8C02087},785000,2023-07-10,MK17 0RS,O,N,F,LOWER CHURCH FARM,THE MEWS,CHURCH LANE,MURSLEY,MILTON KEYNES,BUCKINGHAMSHIRE,BUCKINGHAMSHIRE,B,A
{09266DDC-503A-AF90-E063-4704A8C02087},615000,2023-08-15,HP13 7PZ,D,N,F,54,,TOTTERIDGE LANE,,HIGH WYCOMBE,BUCKINGHAMSHIRE,BUCKINGHAMSHIRE,B,A
{09266DDC-503B-AF90-E063-4704A8C02087},730000,2023-08-11,UB9 4LA,D,N,F,LARCOMBE,,BROKENGATE LANE,DENHAM,UXBRIDGE,BUCKINGHAMSHIRE,BUCKINGHAMSHIRE,B,A
{09266DDC-503C-AF90-E063-4704A8C02087},390000,2023-09-01,HP13 6PY,T,N,F,9,,THE HAYSTACKS,,HIGH WYCOMBE,BUCKINGHAMSHIRE,BUCKINGHAMSHIRE,B,A
{09266DDC-503E-AF90-E063-4704A8C02087},700000,2023-10-06,HP16 0SJ,D,N,F,3,,STOCKLANDS WAY,PRESTWOOD,GREAT MISSENDEN,BUCKINGHAMSHIRE,BUCKINGHAMSHIRE,B,A
{09266DDC-5040-AF90-E063-4704A8C02087},350000,2023-09-25,MK18 7EH,S,N,F,20,,FOX WAY,,BUCKINGHAM,BUCKINGHAMSHIRE,BUCKINGHAMSHIRE,B,A
{09266DDC-5041-AF90-E063-4704A8C02087},400000,2023-05-12,HP13 6UA,S,N,F,101,,WALTON DRIVE,,HIGH WYCOMBE,BUCKINGHAMSHIRE,BUCKINGHAMSHIRE,B,A
{09266DDC-5044-AF90-E063-4704A8C02087},304000,2023-10-20,SL9 9DZ,S,N,F,2A,,THE BROADWAY,CHALFONT ST PETER,GERRARDS CROSS,BUCKINGHAMSHIRE,BUCKINGHAMSHIRE,B,A
{09266DDC-5046-AF90-E063-4704A8C02087},147000,2023-07-26,HP12 3AQ,F,N,L,18,,BIRCHES RISE,,HIGH WYCOMBE,BUCKINGHAMSHIRE,BUCKINGHAMSHIRE,B,A
{09266DDC-5047-AF90-E063-4704A8C02087},350000,2023-10-19,HP6 5AD,T,N,F,20,,DARLINGTON CLOSE,,AMERSHAM,BUCKINGHAMSHIRE,BUCKINGHAMSHIRE,B,A
{045A1898-54EE-9A24-E063-4804A8C048EA},245000,2023-07-10,SL1 8BN,F,N,L,PENN HOUSE,FLAT 30,JENNERY LANE,BURNHAM,SLOUGH,BUCKINGHAMSHIRE,BUCKINGHAMSHIRE,A,D
{01EB45F0-7960-40F3-E063-4704A8C05FDE},305000,2023-04-28,HP8 4QH,O,N,F,THE BUTCHERS SHOP,,HIGH STREET,,CHALFONT ST GILES,BUCKINGHAMSHIRE,BUCKINGHAMSHIRE,B,D
{01EB45EF-7B06-40F3-E063-4704A8C05FDE},1875000,2023-03-10,SL2 3LB,D,N,F,NILE BROOK HOUSE,,STEWARTS DRIVE,FARNHAM COMMON,SLOUGH,BUCKINGHAMSHIRE,BUCKINGHAMSHIRE,A,D
{01EB45EF-7763-40F3-E063-4704A8C05FDE},458000,2023-07-05,SL2 3QA,T,N,F,20,,INGLEGLEN,FARNHAM COMMON,SLOUGH,BUCKINGHAMSHIRE,BUCKINGHAMSHIRE,A,D
{01EB45EF-78DC-40F3-E063-4704A8C05FDE},220000,2023-06-24,HP13 7GF,F,N,L,57 ANDREWS HOUSE,,TADROS COURT,,HIGH WYCOMBE,BUCKINGHAMSHIRE,BUCKINGHAMSHIRE,B,D
{01EB45EF-77DF-40F3-E063-4704A8C05FDE},655000,2023-06-27,HP18 0PH,S,N,F,32,,HIGH STREET,WESTCOTT,AYLESBURY,BUCKINGHAMSHIRE,BUCKINGHAMSHIRE,A,D
{01EB45EF-786C-40F3-E063-4704A8C05FDE},1875000,2023-06-29,HP9 2DQ,D,N,F,LATIMER LODGE,,LEDBOROUGH GATE,,BEACONSFIELD,BUCKINGHAMSHIRE,BUCKINGHAMSHIRE,A,D
{01EB45EF-7956-40F3-E063-4704A8C05FDE},177000,2023-06-07,HP21 7FS,F,N,L,"KINGFISHER HOUSE, 61",FLAT 2,WALTON STREET,,AYLESBURY,BUCKINGHAMSHIRE,BUCKINGHAMSHIRE,A,D
{01EB45EF-795D-40F3-E063-4704A8C05FDE},337500,2023-06-02,UB9 4BD,T,N,F,68,,NEWTOWN ROAD,DENHAM,UXBRIDGE,BUCKINGHAMSHIRE,BUCKINGHAMSHIRE,A,D
{01EB45EF-78AA-40F3-E063-4704A8C05FDE},210000,2023-05-18,HP10 0BW,F,N,L,ASHLEY,FLAT 6,RUSHBURN,WOOBURN GREEN,HIGH WYCOMBE,BUCKINGHAMSHIRE,BUCKINGHAMSHIRE,A,D
{01EB45EF-7966-40F3-E063-4704A8C05FDE},288000,2023-02-17,HP11 1HA,F,N,L,WESTFIELDS HOUSE,1,LONDON ROAD,,HIGH WYCOMBE,BUCKINGHAMSHIRE,BUCKINGHAMSHIRE,A,D
{01EB45EF-7977-40F3-E063-4704A8C05FDE},335000,2023-07-11,HP22 7BA,T,N,F,2,,MAYBRICK ROAD,BROUGHTON,AYLESBURY,BUCKINGHAMSHIRE,BUCKINGHAMSHIRE,A,D
{01EB45EF-7983-40F3-E063-4704A8C05FDE},255000,2023-06-23,MK18 1XW,F,N,L,35,,SUMMERHOUSE HILL,,BUCKINGHAM,BUCKINGHAMSHIRE,BUCKINGHAMSHIRE,A,D
{01EB45EF-7984-40F3-E063-4704A8C05FDE},200000,2023-06-14,HP18 1AB,F,N,L,19,,ELTON CLOSE,,AYLESBURY,BUCKINGHAMSHIRE,BUCKINGHAMSHIRE,A,D
{01EB45EF-799C-40F3-E063-4704A8C05FDE},415000,2023-01-31,HP22 5QD,S,N,F,20,,WARNEFORD AVENUE,WENDOVER,AYLESBURY,BUCKINGHAMSHIRE,BUCKINGHAMSHIRE,A,D
{01EB45EF-79A5-40F3-E063-4704A8C05FDE},465000,2023-07-07,HP22 7DU,S,N,F,2,,PADDINGTON LANE,BROUGHTON,AYLESBURY,BUCKINGHAMSHIRE,BUCKINGHAMSHIRE,A,D
{FFA361DA-8F78-8A03-E053-4804A8C01F61},350000,2023-03-23,HP5 2PE,T,N,F,27,,DELLFIELD,,CHESHAM,BUCKINGHAMSHIRE,BUCKINGHAMSHIRE,A,D
{FFA361DA-8D09-8A03-E053-4804A8C01F61},226000,2023-03-25,HP13 7AZ,F,N,L,PEATEY COURT,128,PRINCES GATE,,HIGH WYCOMBE,BUCKINGHAMSHIRE,BUCKINGHAMSHIRE,A,D
{FFA361DA-8C74-8A03-E053-4804A8C01F61},750000,2023-05-22,HP18 0RL,S,N,F,2,,YEAT FARM COTTAGES,WOTTON UNDERWOOD,AYLESBURY,BUCKINGHAMSHIRE,BUCKINGHAMSHIRE,A,D
{FD226035-8AB2-4CB7-E053-4804A8C00430},880000,2023-03-20,HP17 8RR,D,N,F,4,,BADGERS RISE,STONE,AYLESBURY,BUCKINGHAMSHIRE,BUCKINGHAMSHIRE,A,D
{FAC30767-BF9A-5E20-E053-4704A8C004EE},195500,2023-02-23,SL1 7PW,F,N,L,129,,COULSON WAY,BURNHAM,SLOUGH,BUCKINGHAMSHIRE,BUCKINGHAMSHIRE,B,D
